name,email,password,credit_card_no
Nanny Dudman,ndudman0@mail.ru,Fdoipja,5048373812642779
Dorey Finkle,dfinkle1@oaic.gov.au,Aim4tREQont,5048376937429873
Erroll Krysiak,ekrysiak2@nbcnews.com,IFRxqF0B0p6J,5108754433195338
Audie MacVaugh,amacvaugh3@ask.com,2zwqICSw9Grc,5048370220713473
Tandi Gellier,tgellier4@bbc.co.uk,Hmm84xj,
Judas Lewtey,jlewtey5@blog.com,dykk1Nz,
Matthieu Ostick,mostick6@gmpg.org,KH3LD6,5108755149241258
Tedie Echalie,techalie7@fda.gov,XdJV3cb,5108755036396017
Emmalynne Petican,epetican8@dagondesign.com,twFYwZ8KAaw,
Glen Rapi,grapi9@exblog.jp,88xdDYgXiK,
Sean Killeley,skilleleya@live.com,rJDQuOrG,
Talia Ruller,trullerb@va.gov,INQpdAgRXX9Q,5108750877784330
Brande Olifaunt,bolifauntc@harvard.edu,NaQ2CPPtG,
Hasty McVicar,hmcvicard@zimbio.com,Ri7KoByp8v,5108756277178213
,cconstantinoue@discovery.com,u6JvxdTAP,5108753371346564
,lokenfoldf@yellowpages.com,Nb7DE9PP,5108756985443719
Olga Stockwell,ostockwellg@yandex.ru,b2DyT1H,5048379718076574
Amalea Yurkin,ayurkinh@businesswire.com,Up7uJXwUR,
Dinnie Peealess,dpeealessi@zdnet.com,qNkx6JZHMPn,5108753112273044
Abey Heinsen,aheinsenj@dagondesign.com,52Z86skVm,
Carmencita Bonfield,cbonfieldk@weather.com,JthNgZHzcRLg,5048374997972908
,tquerreel@twitpic.com,IbpOZW,5048375560881228
Cherin Greiswood,cgreiswoodm@desdev.cn,L3W7BEq,5108752371246550
Guy Exell,gexelln@w3.org,Y71Fdr04,5048370837979400
Karlan Boydon,kboydono@nbcnews.com,tlasCmx,
Paddie Vamplew,pvamplewp@xrea.com,gsdZ28871YJw,5108759525763976
Phedra Lighton,plightonq@qq.com,0f3zG0HQU580,5108753811282338
Hi Broxis,hbroxisr@ed.gov,FxyOZDqGeU,5048376552173632
Manon Heintz,mheintzs@fastcompany.com,nPgVxwtl,
Linea Kemwall,lkemwallt@newsvine.com,FOaQHXL3dY0,
Kiah Curthoys,kcurthoysu@behance.net,RcKVXOWRVP,5048370154389662
Kayla Beefon,kbeefonv@ft.com,OaptvRuL6nHw,5048379896392611
Latisha Gascoyen,lgascoyenw@odnoklassniki.ru,bryOdXI,
Russ Schreurs,rschreursx@etsy.com,RUGQbO0,5108757098712719
Glenda Shorthill,gshorthilly@dot.gov,NUNpxxa,5048372796091839
Alexis Daveley,adaveleyz@wordpress.com,1VKdfV7EEr,5048372186108656
Ronny Duggleby,rduggleby10@networksolutions.com,mtk1m2kfCm3,
,ningilson11@un.org,hSZY6T,5048370633905823
Jess Jagoe,jjagoe12@blogs.com,4gssUo,5048377078838328
Tabbatha Poundford,tpoundford13@scientificamerican.com,mQw4Uq3a,5048372651539542
Lexy Ebbrell,lebbrell14@odnoklassniki.ru,DwbuVbnF,5108755090780247
Von Muzzlewhite,vmuzzlewhite15@bigcartel.com,dVoGxiCPY5x3,
Kaylyn Carnock,kcarnock16@wisc.edu,1n4LzE5ou,5048374573516715
Goran Jardein,gjardein17@ning.com,c7BLvKadb,5108751388104729
Bunni Pickthall,bpickthall18@ocn.ne.jp,w5MO3aS,5048378260959328
,estockley19@jigsy.com,q8c16wBqym,5048376667383548
Bernita Hancock,bhancock1a@baidu.com,VwUk8HA,5048375367383832
Laurena Laughton,llaughton1b@techcrunch.com,pdjdJL,5048370700369937
Ara MacAlister,amacalister1c@ox.ac.uk,blWP2QROB,5108756855048713
Lyndel Banks,lbanks1d@wordpress.com,IE4mKYhU,5108752752139135
Gloriane Ingles,gingles1e@dailymotion.com,WoFBwSuDf8Ej,
,mtoleman1f@tiny.cc,BB1oc1jd,5048372310864729
Idelle Hamberstone,ihamberstone1g@bloglines.com,TOpjzrWW,5048376817862466
Cami Meritt,cmeritt1h@xrea.com,niaCrV,5108759797277762
Willyt Echalie,wechalie1i@issuu.com,QGLXdBYf4Sp,5108754977601394
Tarah Berthome,tberthome1j@technorati.com,FWep8flq6,
,ndenge1k@senate.gov,yzJyytYw0,5108757228718560
Luigi Ahren,lahren1l@reddit.com,Ife8bNht4lPj,5048376521652369
Sammy Manssuer,smanssuer1m@usatoday.com,RTgK2M1,5048374151807213
Riordan Lowden,rlowden1n@businessweek.com,iJZJQPk,5108751079870257
Teri Alasdair,talasdair1o@indiegogo.com,cvAu4Q963,5048373757916105
Euell Margerrison,emargerrison1p@google.pl,lZsBURLTM,
Hendrika Dymock,hdymock1q@behance.net,nzW1pRN20Hl,5048370767841786
,rwilsone1r@ted.com,IHaooQZk3gHa,5108757090723540
Hayward Joiris,hjoiris1s@canalblog.com,S5N2X6oD,5048375435448013
Frederic Melmoth,fmelmoth1t@sogou.com,bd06CsVhKu0n,5108752688817416
Krissie Rolf,krolf1u@theatlantic.com,fO5ZtEiRI,5048371501454936
Jackie Pavlov,jpavlov1v@google.nl,NHLwBiNV,5048371944338563
Jeannie Caddies,jcaddies1w@themeforest.net,yDa3yBL5R2,5108752977431358
Kelbee Passy,kpassy1x@phoca.cz,mBMs3z59vo,5048378836571524
,hdreher1y@unc.edu,qyaeMu,5048371009656321
Bendick MacAdam,bmacadam1z@people.com.cn,5MS3YgDAQsg,5048370780107207
Diann Thyer,dthyer20@yahoo.com,Hj77qCKQ42,5108753559620046
Remus McRamsey,rmcramsey21@ameblo.jp,7I4uW9vc,5048373730877234
,nellaman22@oracle.com,hV9RksQWES6o,
Hubie Mityushin,hmityushin23@addtoany.com,BtBpvOARqBpI,5048371531509386
Papagena Hannay,phannay24@engadget.com,tbuAwa,5108750215132259
Crissie Lensch,clensch25@hhs.gov,2H5X6W2Cecj,5048372751169315
Mitchel Fenne,mfenne26@prweb.com,QcQpOgD,5108759489643446
Siouxie Mee,smee27@1688.com,Vo0jze3,5108756168121454
Gates Papaminas,gpapaminas28@amazon.de,xYw6vlZfBA,5048371942904028
Donica Lunnon,dlunnon29@hostgator.com,Tr5oWc1g,
Artie Pavese,apavese2a@bloglines.com,fp0gT45x7T,5108757741580489
Electra Matovic,ematovic2b@topsy.com,VCcKN1NBG,
Kali Sapena,ksapena2c@nytimes.com,PV43tq,5048375938904280
Dollie Doggart,ddoggart2d@psu.edu,XxjZS00Ia,5108753633091636
Adelbert Simpkins,asimpkins2e@vinaora.com,N5Wui7uKrcGQ,
Magdalene Hackett,mhackett2f@vinaora.com,6Gt3AjRhXuQ,5048371109407435
Dory Gemeau,dgemeau2g@360.cn,vdUvOPi,5048375370750092
Derward Burleigh,dburleigh2h@hud.gov,heIKdUrvMxo,5108759061072253
Cam Foulser,cfoulser2i@irs.gov,WtryRIj9UiA9,5108757518774331
Bennett Dodell,bdodell2j@wunderground.com,zeKlCp97J,5108753386110849
Bronnie Rohlfing,brohlfing2k@e-recht24.de,Q5rh2Cnazh8p,5048374742082995
Vinny Ondricek,vondricek2l@slate.com,BnydEwBaMCyU,5048373283980658
Isaak Vodden,ivodden2m@squidoo.com,TQkwbV0U,5108759451194238
Davide Ravenscroftt,dravenscroftt2n@lulu.com,3iesC6NuGmJ,
Rosalyn Bolsteridge,rbolsteridge2o@woothemes.com,ItLKcmCMllZ,
Sunny Kelk,skelk2p@google.com.br,thD6XRF,5048374488894298
Natale Nixon,nnixon2q@mayoclinic.com,pOr97HnQ,
Elianore Feighney,efeighney2r@dion.ne.jp,uviOl3KBvNd,5108750766245476
Cosette Shaxby,cshaxby2s@uiuc.edu,4IgaVlNn,5108754176752931
Ellene Runciman,erunciman2t@google.nl,Je6VHCzl,5048378958561766
Livvyy Seviour,lseviour2u@columbia.edu,eYNvVquZ0,5108754831926615
Winny Mee,wmee2v@istockphoto.com,ASi2E4lu1h1K,
Yasmin Durant,ydurant2w@multiply.com,QUyxLtP,5108759229570925
Maryjane Goulden,mgoulden2x@mac.com,LBLgRtSAFPW,5108754228647188
Wakefield Abbotts,wabbotts2y@skyrock.com,l5G3YXo,5048373983968060
Gallagher Whitecross,gwhitecross2z@amazon.com,UB4MExqZJmE,5048374193119411
Cristabel Catterson,ccatterson30@360.cn,mjJRNBD9QR,5048374620919748
Ferdinanda Jane,fjane31@marketwatch.com,4fPosHxs0AiG,5048376313698331
Stinky Ikin,sikin32@weibo.com,9oyW2lPL,5048375277944681
Adrianna Bocke,abocke33@bbb.org,9efwAS,5108751271341099
Jennilee McDougald,jmcdougald34@dmoz.org,KGKKiB7rYKi,
Frederico Phayre,fphayre35@yahoo.com,2dp8vumc1,5108753786030506
Mendel Yokelman,myokelman36@freewebs.com,I4aL9kY00,5108759013182689
Candie Giacomo,cgiacomo37@nature.com,X9aCHyjAI,5048373472142904
Lorelei McGilbon,lmcgilbon38@xing.com,kN5SMwt,5108755558806583
,jmiltonwhite39@guardian.co.uk,nLcVyZ,5108758570362429
Berne Joinson,bjoinson3a@wordpress.org,jYAFhB9pEiUB,5048373547977946
Charlotte Saunter,csaunter3b@ustream.tv,SOWFfTDbJ8YM,5108757650665180
,shounsom3c@google.pl,ib2alTZ6uK,
Greer Holbie,gholbie3d@rediff.com,TxGu7VSpsf,
Abbott Garrettson,agarrettson3e@123-reg.co.uk,7QTeB9S,5108757796071400
Mikol Salatino,msalatino3f@sina.com.cn,IyZ8FOVbIx,5108757567362376
Ardella Glasper,aglasper3g@archive.org,l2dj9ZXVa,
,cjanodet3h@newsvine.com,7p3uOPA,5048373870849480
Gerhard Gozzett,ggozzett3i@pcworld.com,6uC3m5unV,5108750579896028
Robb Allwood,rallwood3j@pbs.org,WGuV4ZlBY5o,5048371228633531
Tally Kobera,tkobera3k@webmd.com,xJfnUH3nDJO,5048375847343802
Mollie Mintoft,mmintoft3l@redcross.org,5dVbcneIVY,5048374044031245
Gusella Damerell,gdamerell3m@abc.net.au,iEmGqwelQ5je,5048371734514886
,ndunridge3n@prnewswire.com,SRvCwMDl0ru,5108758697623422
Erich Alldridge,ealldridge3o@usatoday.com,qpmf1bZQSwtL,5048376819872992
,jellaman3p@plala.or.jp,kVbboX,5048373518219484
Roana Baffin,rbaffin3q@japanpost.jp,j3MH7K3QCqwU,5048370088452180
Ag Winfindale,awinfindale3r@prnewswire.com,sOMnRdKys,
,aschuricht3s@addtoany.com,3il7BIS7fXeJ,5108750425907631
Dunn Sabater,dsabater3t@google.co.uk,mAWqurYTH,5108755599875530
Royall Gallico,rgallico3u@gov.uk,V5XFo1YJ3,5048378756794007
Hodge Lebarree,hlebarree3v@fema.gov,OsQWzEx,
Janeva Pusey,jpusey3w@youtu.be,zNmZ23xUMwrB,5048379337966429
Tripp Blake,tblake3x@amazon.co.jp,IzynV5,
Raimondo Need,rneed3y@sourceforge.net,EwN8hd,5108756601463877
Vonny Bartak,vbartak3z@shareasale.com,JzPxNGkqVGXx,5108750873411201
Kathleen Dikles,kdikles40@independent.co.uk,H14nKo,5108759552921604
Friederike Behn,fbehn41@upenn.edu,CBl9ot,5108750039528419
,nirnys42@google.cn,fZhFviKz5,5048372160359291
Adlai Tuckley,atuckley43@tripadvisor.com,NUymVG522,5108755144820635
Joel Siggery,jsiggery44@linkedin.com,fOCzglt,
Herrick Gowenlock,hgowenlock45@nyu.edu,MdAsCWo,5048379883413990
Kenna Jobke,kjobke46@mozilla.org,A8211Mo,5108750611118548
Debi Astill,dastill47@businesswire.com,HFakv2Nkz,5048377706204190
Clayborn Bruty,cbruty48@upenn.edu,aC1kyK,5108759600980529
Charmine Fitzroy,cfitzroy49@blinklist.com,8Z1PbwX,5108750334899085
Maisey Apps,mapps4a@nasa.gov,QpmeR2Z1G,5108752830165102
Ted Sissens,tsissens4b@hostgator.com,iLbTUPaffv,5048371180902007
Kaleb Southers,ksouthers4c@live.com,blRzNQx0JX,5108756794765542
Cookie Yegorev,cyegorev4d@odnoklassniki.ru,huJcIMXanbwP,
Robbyn Spadeck,rspadeck4e@skype.com,kBSbXV7IJnT,5108753271114054
Wayland Schaben,wschaben4f@goodreads.com,RkEcdbX,5048376174115342
Bonnibelle Godman,bgodman4g@upenn.edu,jEfpYOA4,5048377198848405
Anthea Mayell,amayell4h@usda.gov,RUYkiKpczG54,5108754057054019
Haydon Doe,hdoe4i@ow.ly,wuH24zpR,5048377324582167
,apren4j@telegraph.co.uk,jUlPIF,5108750819406083
Carmel Moynham,cmoynham4k@huffingtonpost.com,V4DBq4c9iD,
Wenda Cherry,wcherry4l@wikipedia.org,p9PxdD,
,eprall4m@cbslocal.com,DtsJwj,5048373833396215
Earl de Castelain,ede4n@wordpress.com,B5XwwUfQVF9,5108754328438009
Peggi Fitzroy,pfitzroy4o@sbwire.com,IwRIamOs,
,bausher4p@themeforest.net,ds8c9VoPwH6A,
Kariotta Yokley,kyokley4q@uiuc.edu,oNwq7d7,5108754571495029
Nikolos Ferencowicz,nferencowicz4r@pinterest.com,gYA5Ry,5048377599174450
Stephannie O'Lahy,solahy4s@bloomberg.com,nSjdKVlazV,5108755986647476
Brendis Longhirst,blonghirst4t@elpais.com,usrxfTbfzA,5108750659940811
Brocky Exton,bexton4u@ucoz.com,StkClQPgTd,5048374846239939
Emelen Frosch,efrosch4v@utexas.edu,WmZaWJQc1S,
Shanna MacKinnon,smackinnon4w@unesco.org,ZBp4I3ptanl,5108750095535407
Elnore Padson,epadson4x@etsy.com,Mv0vJTdT68cA,
Danella Ovanesian,dovanesian4y@earthlink.net,5uBcUcEpOKdH,5048370036576122
Selene Ianni,sianni4z@usa.gov,zBxFgDYa43jz,5108758600689668
,rmorstatt50@hhs.gov,mniZ3mOT,
Eduard Cossom,ecossom51@dailymail.co.uk,3N30swdRom,5108752514662549
Angel Hovy,ahovy52@washingtonpost.com,BdXu5FPkZ,5048375155719668
Stormi Meegin,smeegin53@springer.com,CWOee8,5108759255869993
Garald Harper,gharper54@w3.org,AWxFUt3,5048374469976148
Vassily Ever,vever55@ow.ly,Udnb2TmAb,5048377070360115
Avrit Osmon,aosmon56@wikia.com,EofRSu,5048373397051370
Elenore Quarterman,equarterman57@ft.com,35eZNk,5048370086856234
Sinclair Cod,scod58@posterous.com,Vy6xIMsSSz,5108755977302727
Kahlil Methuen,kmethuen59@squarespace.com,8ydw1SO,5108759831953881
Kendrick Going,kgoing5a@adobe.com,h4Y5DoMlFlZ,
Andrei Macenzy,amacenzy5b@hhs.gov,cmq0N2YJB,5048374691178265
Papagena McLevie,pmclevie5c@flickr.com,cc5nTmDgEW4F,5048374541312650
Saba Blissitt,sblissitt5d@networksolutions.com,UL59v0wrN,5108757805304537
Billye Cottem,bcottem5e@barnesandnoble.com,Iq3vxKeB0V,5108751797019641
Kevin Defraine,kdefraine5f@guardian.co.uk,jaY8HF41K,5048374109975021
Kellen Seelbach,kseelbach5g@whitehouse.gov,VQ1zQJ3Dc,
Kathie Stollery,kstollery5h@ibm.com,CPhq8jbck9v,
Tansy Canham,tcanham5i@cocolog-nifty.com,BLy3byuW2pyl,5048373308825821
Wright Caser,wcaser5j@reuters.com,EIm1WpDA9,5048371832465999
Corbin Brussels,cbrussels5k@cargocollective.com,85NGp97g9Ntx,5048371044121976
Tanney Hagerty,thagerty5l@ezinearticles.com,onxiDnkZn4,
Sheena Derbyshire,sderbyshire5m@boston.com,8HN18uDzaR,5048374874948518
Mathilda Tireman,mtireman5n@businesswire.com,L4dogTEGS,5108750307472688
Breanne Bengoechea,bbengoechea5o@salon.com,m2k3mzBq,
Josiah Stride,jstride5p@alibaba.com,5Z7OknZudcM,5048376823053654
Torey Betser,tbetser5q@51.la,guanYrPOVi,5048373005105550
Gwyneth Cridlan,gcridlan5r@list-manage.com,DADjC2Fo,5108751268330162
,cgraalmans5s@huffingtonpost.com,YJOW2yt,
Yorgos McGeachy,ymcgeachy5t@ovh.net,lgDZHXNHjx,
Norah Adamek,nadamek5u@bigcartel.com,i4V9byuG6,5048379632621091
Gregoor Reolfo,greolfo5v@flavors.me,UQ9cazThfBL,5048373896462391
Gillie Formilli,gformilli5w@smh.com.au,TG30ja8MrA,5048370206641193
Rick Trundell,rtrundell5x@theatlantic.com,6t5eMJTezE,5048373368836676
Alleyn Dugget,adugget5y@tuttocitta.it,GOS2xjSx0K,5108759804147461
Silvanus Carey,scarey5z@microsoft.com,X5PqWAPRstV,
Gardiner Tranmer,gtranmer60@macromedia.com,jmsOlY,5108756092784690
Callida Denacamp,cdenacamp61@ycombinator.com,ErkcosvIuuT,5048372317231880
Christy Elderidge,celderidge62@discuz.net,S1XEkVUsqB3,5108759641552196
Hendrika Quarrell,hquarrell63@google.com.hk,rfXR33,5048372861038475
Guillemette Ducham,gducham64@prlog.org,ez9HFh8H,5048378411977443
Silvain Siemon,ssiemon65@bravesites.com,neaX5o2pBmX,5048374498711938
Lind Churchill,lchurchill66@reuters.com,sDUgxIjpPKz,5048371631864954
Rhodia Greenland,rgreenland67@wisc.edu,zIyopmLUL,
Mickie Borrel,mborrel68@nbcnews.com,hZZ5bz,5108758091710106
,gmetschke69@networkadvertising.org,FmDO4JzxQzJV,
Dannie Galland,dgalland6a@twitpic.com,AgDuJhpBf4a,5048378169353607
Symon Issacof,sissacof6b@live.com,7Tnygrkh7wY8,5108750542135363
Beverie De la Feld,bde6c@imgur.com,szVudefDa,5048370497577346
,ccalveley6d@posterous.com,FrYMysa,5048376549720214
Jourdain Fancett,jfancett6e@illinois.edu,s8CIC3,5048370297703191
Ofella Tubble,otubble6f@statcounter.com,1xpb0xWJjZ,
Barth Boulds,bboulds6g@csmonitor.com,JSeKILAbr,
Larisa Adcock,ladcock6h@cdbaby.com,Y5bxEm4,5048375403494452
Alyson Connor,aconnor6i@huffingtonpost.com,8jB7W7nUynkO,5048373096777630
Hildegarde Ankers,hankers6j@java.com,ytHX7k,
Reamonn Fairs,rfairs6k@digg.com,IF2pDxiufIM,5048375254164857
,gmongenot6l@dyndns.org,5SVqSiy,5108757114405140
Doug Woodberry,dwoodberry6m@jugem.jp,lkx4t6,
Melisent Ingledow,mingledow6n@moonfruit.com,jmY7MxoHgs,
Corrie Pinar,cpinar6o@opensource.org,7gK7TiTgDWZM,5108751116544212
Jesus Ellins,jellins6p@skyrock.com,BQwIN5iBQ,5108750079825675
Edgar Althorpe,ealthorpe6q@i2i.jp,EfYPZak,5048373741909091
Mendy Wormleighton,mwormleighton6r@flickr.com,4nEAiprhOWu,5048372015658012
Kali Nolte,knolte6s@theglobeandmail.com,g5tyRx3QS2x,5108753208973010
Cesya Friday,cfriday6t@wix.com,7nZHvuMsz8,5048379242723626
,ecathel6u@businesswire.com,5TH46AWO8,5048372516724735
Amye Ovington,aovington6v@time.com,MgE1TpqZcN,
Halli Wadley,hwadley6w@nhs.uk,qt0HEZ,
,vnewham6x@constantcontact.com,JJDedQGH,5108757971268102
Mora Caldow,mcaldow6y@samsung.com,bqzbYy89oHd0,5048371528182635
Anstice Donativo,adonativo6z@dropbox.com,wyH7cZ2C8pc,
Elwin Alner,ealner70@nbcnews.com,bmHaJbSJogEg,5048372942984762
Aymer Pedreschi,apedreschi71@unc.edu,8i4Pug,5048377903130149
Elsworth Taylot,etaylot72@51.la,FvV1FulIXJu,5048370951424969
Noak Milberry,nmilberry73@netscape.com,IzCBm9tWO,5108757098716207
Bari Jimson,bjimson74@newsvine.com,mjOH6kdnXD,
Wendel Angeau,wangeau75@themeforest.net,0K2tAjsFiI,5048378813512814
Baldwin Henkmann,bhenkmann76@ihg.com,5Bid1I,5108754698874783
Stevena Whiten,swhiten77@gravatar.com,5Lor7swbz,5108759773515862
Adria Mannix,amannix78@w3.org,k9oWfNYz,5048374071216560
Trip Blight,tblight79@technorati.com,wz0M7rmQtaa4,5048374399330275
Buffy Pyper,bpyper7a@zdnet.com,ZejBjSUdgMS,5048373720700313
Allyn Biford,abiford7b@wikimedia.org,6yGl4neMzQ,5048378232745334
,dlokier7c@tmall.com,tADgsXvk,5048376317062716
Symon Jachimak,sjachimak7d@epa.gov,lpEkQf,
Ernestus Elletson,eelletson7e@amazon.co.jp,yMIXfncUk,5108753598495780
Brook Borrell,bborrell7f@ucsd.edu,9qjKVHuXMin,
Chrystel Boddington,cboddington7g@1und1.de,gE8IN4E,
Hewie Dimberline,hdimberline7h@blogs.com,b6vEbFr,5048371815307697
Karoline Gascoyen,kgascoyen7i@printfriendly.com,rSUw5c,5048371898213283
,ltruin7j@xinhuanet.com,9p9G8ouNV,
,fwennam7k@gmpg.org,mj1sniH,5108754271238976
,nblasoni7l@vkontakte.ru,ouqBdf,5108757080522407
Frazier Shills,fshills7m@scientificamerican.com,2KUFobq,5048375202198619
Shelley Campana,scampana7n@hud.gov,Hd3B1e,5048373135568412
,jneubigin7o@google.es,AXGq8Xscxtw,5048372846617443
Nari Boyce,nboyce7p@reverbnation.com,A4QAsETRBWq,5108750692175631
Amaleta Valens-Smith,avalenssmith7q@deliciousdays.com,Dc3thC5CJ,5108757181043451
Hale Grazier,hgrazier7r@4shared.com,UasFqN3y,
Starla Rubin,srubin7s@bandcamp.com,0lHUob,5048377629479952
Lanette Aleksich,laleksich7t@typepad.com,2RSFjLdu09TT,5108755266323558
Callean Lorden,clorden7u@simplemachines.org,GlgRTsx,5048373659575645
,nodooghaine7v@netvibes.com,nWnOb3zE,5048377111607136
Silas Pennyman,spennyman7w@ox.ac.uk,wLk1vM8QH,5048372846471767
Tudor Warden,twarden7x@wikipedia.org,iUFbOW9,5048371291697835
Guntar Lawman,glawman7y@alexa.com,OxNhYCi,5108750063007918
Ardyce Rawdall,arawdall7z@ezinearticles.com,qb5NqvAL7DOk,5048370626565162
Francis Tolputt,ftolputt80@infoseek.co.jp,6adCy2gxmta6,5108751974868307
Bonita Kingsmill,bkingsmill81@altervista.org,uC8FEFPz,5048376826642024
Valene Shortt,vshortt82@loc.gov,2ZGzEVQUJ,5108750395779507
Colene MacNeish,cmacneish83@ihg.com,Iga9iAfs,5048373838480758
Eddy Petric,epetric84@foxnews.com,Eb5quU,5048371680388848
Correna Mirando,cmirando85@webnode.com,u46ntjSs,5048377738309694
Raina Wilson,rwilson86@t.co,4kBQamI7A34,5048377949534783
Arlana Coenraets,acoenraets87@mediafire.com,1xLenyZ6uV2G,5108755894139962
Raymund Marriage,rmarriage88@typepad.com,aWjOydrD,5048373023948791
Myron Lamball,mlamball89@wix.com,SrlBfExfP2o,
Diandra Gogay,dgogay8a@weather.com,3eGkvQtN,5048377247994945
Reinaldo Harback,rharback8b@sogou.com,eoEhEd,5108752849684838
Inness Sottell,isottell8c@spiegel.de,ruOUUw,
Ethe Yanyushkin,eyanyushkin8d@reverbnation.com,bKD01U8suL,5108751186636849
Georges Longbothom,glongbothom8e@over-blog.com,HIt9wHuTsj,5048372639673348
Selia Roskelley,sroskelley8f@linkedin.com,F15GFSWS,5108751207708031
Brook Tuley,btuley8g@cmu.edu,eGXTLDY,5048378605127706
Fancy Ketcher,fketcher8h@nbcnews.com,98yjoO7DQ,5108750244916847
Nissy Letten,nletten8i@soundcloud.com,bd9ohxxkPHv,5108754224798712
Alwin Cartmail,acartmail8j@omniture.com,ijFez0oKbdir,5048370492352919
Hinze Towne,htowne8k@myspace.com,WPaQtU,5108757768548344
Rafi Lyfield,rlyfield8l@slideshare.net,SB5kuxroi8,5048378026659352
Felita Grigorini,fgrigorini8m@bizjournals.com,Iqbymsm,5048377050956064
Tiffany Shilstone,tshilstone8n@webeden.co.uk,VN1zZWdEF,5048378009905871
Rhona Imlach,rimlach8o@mapy.cz,Vo7EWMkG,5108757373777676
Carmina Ankers,cankers8p@mail.ru,mtDFApJ,5108753213379294
Cointon Ribbon,cribbon8q@blogs.com,3wn39Zb5CXz,
Mortimer Crewther,mcrewther8r@last.fm,wblfGDcKP3,5108754715809804
Melvin Burner,mburner8s@people.com.cn,6aMI3X4vW10,
Christalle Axcel,caxcel8t@umich.edu,yEycXgQOsp,
Calhoun Headington,cheadington8u@va.gov,KG2pqjzRDQ2,
Dilan Frye,dfrye8v@unesco.org,SLy8hGk2qphp,5048370538204298
Kienan Garrard,kgarrard8w@hibu.com,MO2ebLA9gRt0,5108751873300196
Randie Bennet,rbennet8x@edublogs.org,aDi9kElNh4,5108759434420858
Brian Maxstead,bmaxstead8y@cornell.edu,tzCEcj,5048379324451757
Melesa Edens,medens8z@dailymail.co.uk,nnkhuKV,5048374116155070
Brigham Mumby,bmumby90@princeton.edu,U3nElkq,5048374233955535
Maxie Shurman,mshurman91@dedecms.com,cMDlAIS1Bbtm,5108759811113936
Bink Sushams,bsushams92@hexun.com,US3oTwNVXCHi,5108750330060351
Monroe Schutte,mschutte93@taobao.com,QDmQSFB,
Lilith McCaughey,lmccaughey94@mtv.com,ajhFmkHw,5048379013554051
Pavia Tatterton,ptatterton95@thetimes.co.uk,qsYTaSSuP,5108755327290721
,sdundendale96@earthlink.net,0DoSOqv,5048372019180971
Maire Pele,mpele97@bizjournals.com,KSx70ZrLnV8,5048371754017034
Terencio Sevior,tsevior98@dagondesign.com,1EG1d8DGk15,
Kinna Picheford,kpicheford99@meetup.com,3CBinRyYPW,5048372612799938
Grazia Noddings,gnoddings9a@google.pl,z1mGo8F,
,acremins9b@stanford.edu,KqFOKUYR9gR,
Joellyn Gilphillan,jgilphillan9c@bluehost.com,nXdH6DbEgg,
Jabez Harling,jharling9d@arstechnica.com,q2X7aJDSr4L9,5108751479538132
Amberly Rao,arao9e@intel.com,Dz0JqL8r0DME,5048373939279315
Ethan Stafford,estafford9f@so-net.ne.jp,rhAnN28pF,5108754210041606
Boycey Haseldine,bhaseldine9g@ycombinator.com,mxB2FtAnJGO,5108751308069341
Annabal Askey,aaskey9h@gnu.org,odFcQIDZC,5108752328131715
Raychel Duckitt,rduckitt9i@arizona.edu,hiCvCRPBeOs,5108757539371455
Siusan Dussy,sdussy9j@last.fm,p7T1wCx,
Daryle Lehemann,dlehemann9k@theguardian.com,Nn7nJP5IzcK,5048375114331373
Demetra Cracknall,dcracknall9l@wiley.com,jJfRk4H9UFdl,5048377397897419
Finlay Fuchs,ffuchs9m@google.ca,jMtYQ2Ox,5048378139596236
Tammie Renish,trenish9n@cbslocal.com,0p1kXy3xK,5048379345999685
,rinett9o@gizmodo.com,AaUM0mz,5048371585783614
Konstantine Umbert,kumbert9p@over-blog.com,Qs9T7gPH,
Emilee Southerton,esoutherton9q@nhs.uk,fy0ulqHGhq7,
Theadora Tapin,ttapin9r@devhub.com,dl9hDhY,
Allix Surmeyer,asurmeyer9s@sciencedirect.com,bWMvyR3,5108754973617006
Locke Leat,lleat9t@cisco.com,Bh9SBOF3T9,5108758361577565
Ewell Skivington,eskivington9u@toplist.cz,RRD5BOWH,
Tammy Scriviner,tscriviner9v@japanpost.jp,Iw1n1xQB8aWG,5048376304372201
Emmeline Aitken,eaitken9w@storify.com,8mVeiDt,5048377937264245
Adda Paal,apaal9x@devhub.com,FUop9v,5048371263974303
Jayme Gwyn,jgwyn9y@discovery.com,K5Mq37Nvxe,5108751300631890
Cassandry Coneau,cconeau9z@go.com,gqAdOfj4y,
Abbott Bruni,abrunia0@irs.gov,IasHXTA,
Melli Danford,mdanforda1@cloudflare.com,KTmYG6SvB,5108752594999787
Orton Tucsell,otucsella2@ucoz.com,M6cH2YPOw,5108756611347938
Jedidiah Resdale,jresdalea3@sciencedirect.com,TMiublV9VpT,
Halimeda Hedworth,hhedwortha4@infoseek.co.jp,NR4oSrbj,5108756531668124
Maurie Lander,mlandera5@youtube.com,6b17irVmkna,
Ardeen De Nisco,adea6@pbs.org,WFj1c6kg,5048373309033714
Ulysses Digwood,udigwooda7@google.com.au,AYhKMeq3Dr,5108756363883361
Northrup Blackborow,nblackborowa8@deliciousdays.com,623n5vodT8mw,
Kylynn Donoghue,kdonoghuea9@ted.com,G9aoEwd,5048377694804803
Bar McWilliams,bmcwilliamsaa@newsvine.com,X5cYmiSNeS6e,5048374464921040
Muire Anan,mananab@dot.gov,iBzOyp2q,5108750752333930
Angelle Ghelarducci,aghelarducciac@admin.ch,oxeB5D9di,5108757749566043
Chandra Crollman,ccrollmanad@yelp.com,wWNzCDfmI,
Tyson Riping,tripingae@nps.gov,BgzMUC,
Kara Edelston,kedelstonaf@mozilla.org,vEMK4n4S,5048375929978319
Brock Siviter,bsiviterag@thetimes.co.uk,eDUYm4l,5108757737768486
Tobye Shambrooke,tshambrookeah@uiuc.edu,IMrzfpdT7,5048371257493286
Yorgo Pickavance,ypickavanceai@netvibes.com,2IWan1DBie,5048375105895725
Julienne Treacher,jtreacheraj@people.com.cn,zmBQc7pDF,5048377565895047
Lionello Leyband,lleybandak@tamu.edu,IjWxm0Djf,5048370216616094
Colas Andras,candrasal@ucsd.edu,4oxQoHfFL9Fl,5048373170814093
Austen Note,anoteam@google.com,Qc0pFplsuM,5108753779024789
Wait Zorzin,wzorzinan@gizmodo.com,VgfPaFo8RK,5048370294916317
Clayborn Bowdery,cbowderyao@ezinearticles.com,9BxujFv,
Rickert Rosenzveig,rrosenzveigap@reference.com,QG32CvwlH9GD,5048372140417045
Justinian Garrals,jgarralsaq@ibm.com,NWhUhDk,5108752384106908
Stearn Hansman,shansmanar@xrea.com,ROVjNAI7c0,5048370996175493
Adah Ogbourne,aogbourneas@army.mil,ObRaABDH,5048378640069137
Ruthanne Mundie,rmundieat@ovh.net,W1YPQa6quq,5108750610748444
Mariann Draycott,mdraycottau@berkeley.edu,pWW8Dt,5048370272553041
Jenda Pauler,jpaulerav@gnu.org,maNIEel7gO,5108755002464641
Phoebe Brazelton,pbrazeltonaw@reuters.com,MqUbwML,
Loreen Vyse,lvyseax@newyorker.com,R7U1RrmMLIjm,5048371726340829
Farlee Karlik,fkarlikay@plala.or.jp,i6Jmv1vSID1R,
Stern Dewdney,sdewdneyaz@scribd.com,ZvdG2Y8tlMk,5108757710146411
Leroi Poznanski,lpoznanskib0@blog.com,97RP5oNydi8,5108757973406080
Haley Decaze,hdecazeb1@miitbeian.gov.cn,MQjKm7xQYh,5048373553641501
Carroll Olivi,colivib2@hp.com,eurwI0hj,
Kaylil Mangham,kmanghamb3@squarespace.com,ZN3b5pjRo,5108757242346240
Wilden Fulun,wfulunb4@networksolutions.com,1iegNzOWjlw,
Ely Choldcroft,echoldcroftb5@dmoz.org,U3eHsqp,5048377896185753
Theodosia Dikelin,tdikelinb6@salon.com,OuoiD879,5108751444337966
Chet Cookson,ccooksonb7@geocities.jp,iCUpR2Yz3,5108755046000112
Nona Peeter,npeeterb8@auda.org.au,kfqfZFrG,5108752424115323
Ryley Maccaig,rmaccaigb9@4shared.com,NVjhb9bcEsCV,5108757070777342
Elna Kings,ekingsba@tmall.com,Fr3R4UiTb0n,5048373714334889
Ag Ingleton,aingletonbb@techcrunch.com,feqdDOw,5108755688595304
,rpalffreybc@meetup.com,RSQRprz,5108753360360246
Saloma Wiggett,swiggettbd@blog.com,7z2vSg3rAO,5048376895611033
,cclewsbe@myspace.com,Hym3vj172,5108753924168796
Coletta Alred,calredbf@dagondesign.com,1uUR58A,
Chrysler O'Shirine,coshirinebg@webnode.com,J6DpK8hHy,5108755445609455
Lelah Millichip,lmillichipbh@nih.gov,f2XH5f1fuciu,5108758518685345
Rowan Snowman,rsnowmanbi@mapy.cz,1nUFy43ttQ,5108750996721155
Mirelle Scargle,mscarglebj@youtu.be,tYF3RRA,5048372195603481
,mwestpfelbk@github.com,70faNZn,
,emenlowbl@sina.com.cn,jCpaVXXVD,5048377404101409
Glendon Bracegirdle,gbracegirdlebm@google.com,rckLpIGxdi0n,5108752592647875
Nissie Thraves,nthravesbn@123-reg.co.uk,uyyjg1uvSr,5108752250936818
Dori Bubear,dbubearbo@gravatar.com,10Yy5i5b,
Belva Meltetal,bmeltetalbp@mit.edu,VItXQOyHv7s8,5108750297965022
,ksestonbq@sogou.com,7p7lTp,
Irina Learie,ileariebr@furl.net,hE96ianm,5108758276149294
Nancy Di Pietro,ndibs@tuttocitta.it,cxp51H7PZX,
Wilma Mager,wmagerbt@rediff.com,znsj9BE5Y,5048370048846034
Perl Fuzzey,pfuzzeybu@disqus.com,GLj3coJWjH,5048372692325448
Edith St. Louis,estbv@chron.com,0geO4IF8Q,5048372736256740
Arnuad Brouard,abrouardbw@w3.org,2twTBlcque,5108750417542461
Zelig Zorener,zzorenerbx@bloglines.com,RUswmAA84LNs,5048377860756787
Rhianna Dowse,rdowseby@shinystat.com,qtZHO8wRCJ,5108756328389132
Pamela McBrady,pmcbradybz@odnoklassniki.ru,DtCkiL3SO,
Phillie Lugard,plugardc0@spotify.com,p3djKnqzzg,
Hilly Tourville,htourvillec1@indiatimes.com,eaIDzW8aX,5048371767720582
Tommy Daviot,tdaviotc2@wufoo.com,i0L8hks,5108758711313810
Shayna Gallgher,sgallgherc3@canalblog.com,fzJkXcUBm,5108759625732723
Carol Twamley,ctwamleyc4@google.com.hk,RIr0Spj1,5048379619219992
Fanchon Smurfitt,fsmurfittc5@pinterest.com,feryvS1XSFPS,5048371111592547
Ardelis Lamyman,alamymanc6@samsung.com,Scru7Stp3Q,5108756900331122
,dnoriegac7@vkontakte.ru,6QXV3KXn,5108751652887819
Ebony Lembrick,elembrickc8@intel.com,MXI5s7,5048371125744050
,rcroixc9@ucoz.ru,ffHqBqG,5048370531953750
Trevor Dowzell,tdowzellca@amazon.co.uk,CJjqFD,5048372839393002
Guillema Laroux,glarouxcb@army.mil,bLyREMURI1,5108757169513897
Denis Gatherell,dgatherellcc@gnu.org,qwSAKeA,5048375596852797
,jstroyancd@columbia.edu,9ixyRQW,5108755463358290
,awilliamsce@drupal.org,nel5kzYZCjo,5108757213277259
Kory Kittoe,kkittoecf@lulu.com,O4xTEg,5108753293874289
Emlyn Tenniswood,etenniswoodcg@cyberchimps.com,tHfX0TjZpth,5048379846071141
Darb Licciardello,dlicciardelloch@census.gov,KGVN8VsPRdLm,5108753619333333
Franzen Aldine,faldineci@samsung.com,MBZ3lVQmT,5048376569941898
Mariska Buttrum,mbuttrumcj@java.com,gHS9GL,
Herby Troop,htroopck@nymag.com,AbpZhS0jX8Td,5048378899388253
Packston Sherman,pshermancl@bizjournals.com,3mDaFJ4nh,5048379778990904
Sibylla Speek,sspeekcm@bing.com,rA5DnnoP,5108750014473326
Raymond Tonkin,rtonkincn@myspace.com,FP4XlZq,5108756762201918
Jerrome Gumly,jgumlyco@illinois.edu,UywHF5Y40rs,5108756740498693
Emmalyn Askaw,easkawcp@fema.gov,ffRJB6RY9,5048370453305724
Darcy Iffland,difflandcq@gravatar.com,Fu6F4WEAanH,5108753657853812
Evonne Ryton,erytoncr@mtv.com,GAG4fQUMP,5108758272567796
Wilmer Doogue,wdooguecs@pinterest.com,wdsaWeb8AEYr,5108754976520579
Vern Mattiuzzi,vmattiuzzict@gnu.org,rizFs18,5048379792367915
Morse Geeritz,mgeeritzcu@techcrunch.com,rc899fJ,5108753728897194
Gae Simmonett,gsimmonettcv@cdbaby.com,IgSK7tGleo0,
Ephrayim Lilleman,elillemancw@hexun.com,nPaKIrC,5108757242085608
,kabsolemcx@abc.net.au,VaBTsj,5108757693150893
,cpashency@rediff.com,oVcSCOUp,5108752363004249
Elvin Marling,emarlingcz@state.tx.us,qzUhuWW,5108753705132516
Brnaby Grabiec,bgrabiecd0@biglobe.ne.jp,JoOyoadve90,5108759861067966
Jarad Tyne,jtyned1@dot.gov,u4kM5tV,5048377309674880
,kbockettd2@state.tx.us,Zs3diVQvgu5,5048370593785264
Anabel Coltherd,acoltherdd3@redcross.org,gbViXl0kn,5108757613680771
Buffy Petti,bpettid4@prnewswire.com,snxZJaN7t,5048371349065464
Harmon Ouchterlony,houchterlonyd5@wisc.edu,DHopo0RtS,5108759610515182
,anarduccid6@unicef.org,kUEOlok2,5108756562273729
,lreedickd7@digg.com,nMGrYg5,5048376944485744
Andrea McPheat,amcpheatd8@biblegateway.com,KtNlvLoKe4AX,5048376313871441
Alfi Bugler,abuglerd9@wikipedia.org,d9dgtkBUN,5108754533391183
Lewie Bushel,lbushelda@blinklist.com,zwPUeVCvq,5108755891316449
,kdavidescudb@joomla.org,I9UEh3NQ,5048372211119843
Normie felip,nfelipdc@usda.gov,i6JEAOj8q,5108752972009241
Mandi Cornfoot,mcornfootdd@examiner.com,zKJerFfLtI,5108755075619816
Morena Isgar,misgarde@dmoz.org,LTivqwGPoW6,5108758725847134
Edmon Master,emasterdf@paginegialle.it,4eupUXlK,
Clint Abramovici,cabramovicidg@washington.edu,x7gXiGXMa,
Colas De Brett,cdedh@un.org,r5KrGnAB,5108751072913922
Hebert Chopping,hchoppingdi@creativecommons.org,I1ZfYF,5048377734259505
Randy Bilam,rbilamdj@list-manage.com,J79H20X,5108755490644886
Lanita Brothers,lbrothersdk@tmall.com,THQHpg,5108751231915149
Barry Grigs,bgrigsdl@oakley.com,XwtwztGsNB,5108758653907926
Lemar Hambrook,lhambrookdm@blogspot.com,IFgSj84t,5048372697013452
Skippy Tatlowe,statlowedn@so-net.ne.jp,rST2abu4,5048373655380230
Linnie Paskins,lpaskinsdo@ucoz.com,61d1oRmsO5g,5048378950567258
Dalston McLagain,dmclagaindp@squarespace.com,96vx7oUCqk6,5108752351401035
Onfroi Alekseev,oalekseevdq@scribd.com,APQb6XEUZT18,
Darline Esby,desbydr@drupal.org,Tjf6JMxjBgV,
Lorin Boxe,lboxeds@youtu.be,XsrDd2RAsPi,5108756554268687
Jephthah Worral,jworraldt@eepurl.com,1aDw0EJNTg3,5108756260429656
Emma Hagston,ehagstondu@sbwire.com,FT28IdV6N0r,5048379434437670
Orson Arckoll,oarckolldv@symantec.com,mk5feZ,
