email,password,credit_card_no
nmacfie0@yelp.com,vNsynoMv,5048377202239179
zeckly1@youtu.be,nsHJPkaDDrUH,5048378462300297
dkeeri2@1688.com,5yAHaiZ,5048378775569281
catter3@blogs.com,YxP1DLN,5108755202965108
mferie4@nasa.gov,76BYVa2,5108751251664908
mlutman5@howstuffworks.com,pjcKOX2Qi,5108754544110911
bmccutcheon6@i2i.jp,uNuw8FS,
pjedrasik7@diigo.com,XusX2ZwG0ovd,5048374172902175
knorthcott8@usda.gov,asK5MgWW4sNT,5108752336032590
jludvigsen9@mayoclinic.com,DPYCbH3iVe,5048373550260867
ipollocka@aboutads.info,A3Gwz7,
cciccoloib@icq.com,JZFjuulKd,5048371357269727
slazerc@disqus.com,CFDG2lkL5,5048377660081261
mcumptond@ihg.com,nWsKArYnhS5D,5108752482117450
btailbye@google.com.au,BhUCMMC2,
hlastf@fastcompany.com,4GbTJi,5048378188432911
tworsnipg@umich.edu,8rLhECZpiRYk,5048374678874704
zparfetth@oaic.gov.au,ZBQzmUFgNg,5048376809825703
vstolleni@berkeley.edu,fkwzXQQF,5108754401216207
agethynj@vinaora.com,twQ5mIpGnk,5108752623132830
mkennawayk@squarespace.com,WEIBl2g,5108755449298701
tlampsl@topsy.com,TpDCK4h77i,
bmothersolem@hp.com,f5kYyqkIJKk,5048374961637131
dspicern@oracle.com,SGvl41z6,5108758039204485
rhaggerstoneo@naver.com,rbRxgj,5048378307933013
dherkessp@ted.com,HsKObFkV0I,
bdeathridgeq@wsj.com,50X25Hig6HU,5048376926148583
bdibartolommeor@ask.com,1Gd1qKTS7,5048375496746610
eridsdells@flavors.me,ps8vmShx2,5048378705983818
dradmoret@umn.edu,pwBHMp,5108750490298296
hosheeu@wisc.edu,Zs5iU4Vn43yl,5108757805902603
ahaldenbyv@amazon.co.uk,ophbk8Z87,5108753303250512
osportonw@mapy.cz,lsHJQlNOVd,5108753001329196
haudsleyx@yahoo.co.jp,6kmWpzkVrwcK,5108758526639060
oextony@wiley.com,kD06kte,5108752930375809
bcottesfordz@taobao.com,WtM0ppgh5T,5048371803355500
aberkely10@sourceforge.net,ZXutTOR,5108755409447082
smackonochie11@cnbc.com,Kqi44jHe,5108753413842190
dhammerstone12@slate.com,oIrh1uCT,5048377195082420
dkinnett13@netlog.com,Zy8q7DbOtw5,
dgregs14@patch.com,0JD688AFaD,
mdanilchik15@prnewswire.com,fTY5HI,5048377589499289
drubinshtein16@sina.com.cn,MluYpVG66,5108757761453690
ppalumbo17@si.edu,AjKZDwpPOYhU,5048379273702440
mgallehock18@hc360.com,7KpBl7N0uPuJ,5108756313792746
nfouracres19@ox.ac.uk,oKihhf,5048373783593134
bcollocott1a@foxnews.com,qxpWn2,5108751041510585
erosenthal1b@bloomberg.com,dU5ZqaP,5108751770075933
lcardello1c@reuters.com,Vfk1Hu7U0aZ,5048376690934507
churton1d@mozilla.com,UZAlkpXrK,5108758978676479
cwillison1e@netlog.com,7flc0o3Dc,5048378858153417
lhuyge1f@ihg.com,y1Vt6ouG92,5048373560536827
rwakenshaw1g@scientificamerican.com,Lf8PqeU,5108756606977004
mchadband1h@phoca.cz,BCBEp3e,5048377798658436
brays1i@forbes.com,gtxqA26,5108754597967027
ghallgalley1j@ehow.com,jw8Ro3WhH,5108752628177152
kthacke1k@oakley.com,DTWehpAZdnue,5048379587965477
rjeannequin1l@skyrock.com,4UBv3hjq903h,5048371108178649
dpriddis1m@miibeian.gov.cn,I9W95ns,5108750262372071
bmessier1n@narod.ru,2Lo0SnYWv,5048374284930221
hplackstone1o@ezinearticles.com,sMESJ7MTtSM,5048372209694583
hmacgovern1p@canalblog.com,VN9lGdxy,5048373307312201
gbrumbye1q@deviantart.com,wISQc8,5108750816871032
ceisak1r@toplist.cz,fPTO6Aw2,5108751485154668
rsaice1s@ovh.net,d8GdK0v9B,5048373376371526
cfurby1t@boston.com,9UXb9pGx9Rx,5108750867184467
kocannovane1u@thetimes.co.uk,94dlJy6rbR,5048370358853026
lshimmings1v@bbb.org,EtETHaQ,
bjolliffe1w@google.cn,F9OkeE,5108756018777562
xpury1x@google.es,yJ9iiMFY,5108755261122872
ddaniaud1y@furl.net,oWpgIabB4RH,5048379363937633
yneil1z@wikia.com,0RflPSCZLF,
bhawler20@so-net.ne.jp,KhSKmWZJtPdC,5048375162383714
qlapidus21@dion.ne.jp,wlQy9B7,5048376843236180
tashdown22@amazon.com,bzTzE2uKs666,5048370551121973
tsorton23@unblog.fr,FkKpWtjG,5108756738044665
tebbers24@netlog.com,o4LYDZpA,5108751334535539
amcaviy25@seesaa.net,npulEmjo,5048378000760853
bstowe26@ebay.com,RfVzjE6g,5108754461971246
gklaff27@goo.ne.jp,l1cVaN6Tx,5048373855692657
jsconce28@pbs.org,gOsT9QPygW,
rmorat29@flavors.me,izCon7wEoV,5108756476627564
gpedlow2a@hao123.com,ShcQj2u,
raldham2b@yale.edu,fdgzLk,
mdugo2c@sciencedaily.com,iIW9QXEuU,5048377562002928
jbellenger2d@odnoklassniki.ru,kewAxV3Nko9,5108759556919901
crodge2e@ycombinator.com,U2whG47,5108751026654168
ibettley2f@redcross.org,R6aXNw9R,5108753924354909
mbraime2g@is.gd,RlDJTd5nEw,5108751874930124
obockmann2h@typepad.com,HruRlijjD,5048376325168927
bchapelle2i@list-manage.com,wt1kRpYc,5048370279155790
rsouthon2j@gov.uk,JKEaoAbql5Sy,5108758031863635
tjaumet2k@howstuffworks.com,o4YmnbwI,5048376521361474
lcolomb2l@cnbc.com,levuDmE,5048377395966604
ltimothy2m@merriam-webster.com,w4L1SHSF1uV,5048372960115091
ktallon2n@harvard.edu,6r7a4kj,5108754962188779
csahlstrom2o@kickstarter.com,T5qTKp2hL7C,5048372830531410
apree2p@kickstarter.com,vuC7FxhXr,5108750509632568
ipalphramand2q@tmall.com,aSfshn7,5108759514004234
tdomm2r@ibm.com,cM1XXDPcgkz,5048375475207634
wrimbault2s@ucla.edu,8Pga92Jxe,5108754795854548
pthomke2t@dell.com,pqgoz3feuzYh,5048370750543837
hchristophersen2u@nasa.gov,qlXmdzNZOB,5108751007969999
tmurrish2v@google.com.hk,VqteBRcxOWH,5048377004882531
bheynen2w@fotki.com,emYf0Fb40GlJ,5108757111269515
bjeannot2x@google.com.au,I633bzROtS,5048379050286963
emolfino2y@feedburner.com,XcWuPxiQ,5108755596590280
cbunson2z@wix.com,g404T4QKGfGQ,5048375526925465
mcranmor30@opera.com,loSSAggFh,5048371832536666
singerfield31@sohu.com,bd8q9P,5048377390454978
gullyatt32@army.mil,iwRRWRp,5108751324152030
aedworthye33@people.com.cn,EkUyCs3C,5108754128258003
gtesto34@dyndns.org,s2HsEg,5108755642845084
jmullender35@yellowbook.com,KL6i65,5048371320522558
groubeix36@posterous.com,Mzhk6HSC,5108756597053146
jbramham37@nba.com,b0anpRZXq,5048378152146133
moakly38@friendfeed.com,VEqw8j8pb,5048370989817317
aduns39@yale.edu,y4fhB5vPJT,5108752586348076
dpaddle3a@eepurl.com,MyvUcVURyRHZ,5108757903272263
tkluss3b@4shared.com,83rtlWY,5048374720442203
tscading3c@godaddy.com,tmbCuL,5048379457413863
acogswell3d@paypal.com,OIzwk1H,5048370092462902
wmelwall3e@miitbeian.gov.cn,1sRsEx9CIc,5048371541530919
jfendley3f@amazon.de,F48ByqSzvb,
mtole3g@netscape.com,qMHVriKR,5108754222529515
dschade3h@seattletimes.com,17VVgbkNs,5048370928507086
dlung3i@comcast.net,XufbHxKURV,5108754439818636
dfrewer3j@deliciousdays.com,QC81iXr8Dr,5048372844192951
pwyper3k@netlog.com,sAo47st4FtQ1,5048377612722780
jfeckey3l@intel.com,ZaLfuu,5108752848618068
jbortolotti3m@odnoklassniki.ru,Cw5QRpEfwUhb,
jiannelli3n@google.co.uk,NkGiMM2oi,5108752357446703
esatyford3o@studiopress.com,cAdf5rQAz3a,5048376097966334
lrother3p@oracle.com,vt2RlYke,5048370510855695
mhankey3q@discovery.com,ZSWQq6YY88qR,5108751421452010
ssebastian3r@google.pl,GydWOBjj5Y,5048375453291998
drigg3s@constantcontact.com,EsH9w7j,5048374673682557
mbritner3t@cocolog-nifty.com,dHoHbNHvK,5108751178086748
acarbine3u@example.com,VGVZWVW,5108752959993185
nkadar3v@google.it,auzptXWcqruP,5108759502054019
mcampey3w@toplist.cz,Ae4D6rrU,
sgothrup3x@livejournal.com,vJUaMJlCbOOz,5048374441421783
cmiddlehurst3y@state.tx.us,CKiFXHgZ1,5108754903695007
ggloves3z@tinypic.com,tCvLhVAl,5108755986216983
kalston40@amazon.co.jp,zpLRW7,5048375543002280
msmith41@cbslocal.com,RdK3iLi,
sharrill42@google.es,F2SZ7SP0E,5048374287534954
aperree43@redcross.org,BnUOjWXaZjQ,5048374414404444
kkenealy44@domainmarket.com,PaaGcV,5048379706913424
tlavin45@baidu.com,ScRYVsn3ROJy,5108753470032768
usunter46@sciencedaily.com,BImYn6gFtqB,5108750015621105
tswiers47@reverbnation.com,jmZy7p,5108751291741716
nhankey48@huffingtonpost.com,7QYQH3tp2,5048375428108590
vcollishaw49@altervista.org,ofxOjvHCDI,5048372338839646
abartoszewski4a@cargocollective.com,KeORl3zYv,5048376474655880
shacksby4b@cyberchimps.com,inOH2WvKJG,5108757795482608
ebulley4c@issuu.com,V9v9mkZTiV,5048374806676518
alobell4d@pagesperso-orange.fr,GrETEFDmsN3,5108750632783619
pkulic4e@sphinn.com,QLELpL2,5108758712797102
hmayte4f@alibaba.com,PP8sLluwRK6C,
cmoraleda4g@usgs.gov,4Zcs7KIKbiEm,5108752501461343
epopelay4h@mediafire.com,46lWOyk,5048377001242564
mdiviney4i@artisteer.com,8P2w2paSQgj,5108754988618791
efuente4j@baidu.com,c7FwTdWeAHs,5108751232162774
lodonnell4k@unc.edu,ndxVy3i5,5048372009754819
kspacy4l@apple.com,m7DBh8OENiI,5048372857970228
nchessil4m@desdev.cn,Nto7mtyZko,5048379601578926
cseres4n@hhs.gov,W4qbkGq,5048370794958462
rstranaghan4o@rediff.com,vIY42Bl,
pmachostie4p@dot.gov,rr1h8Bq8Y,
agraffin4q@opera.com,1bRleMmp,5048378068885634
mhartfield4r@exblog.jp,zNvM0Ojy3h,5108754809355250
cpentland4s@japanpost.jp,07rOBUzn3IH,5048379389806747
bosbiston4t@mlb.com,SP22nEkZcGrl,5108757816149996
sbleaden4u@youtube.com,Wa9aSIhW,5108756131023753
knavein4v@weather.com,8qjvuO,5048370267890689
jshitliffe4w@mysql.com,x36pAaTH,5108753676924479
drosbotham4x@bloomberg.com,nlFYM3RwpH,5048374170346102
gcoomes4y@google.es,84mQEMdCXpx,
skibbe4z@livejournal.com,wns1Vjw14wit,5048377289659166
ashadwick50@psu.edu,nUZYOfAZ5,5108758828496995
mmccrea51@eepurl.com,6EOVHKiGZk3h,5108751960315883
ckeilty52@icio.us,HS95gpSlx6,5108759551115976
dmccarlie53@cpanel.net,gBhpZCdH6JNW,5108753211423029
nhugues54@ifeng.com,NEVG7MSUTwQx,5108754318132273
ahague55@tamu.edu,8jtrm4mI4xm,
clung56@imdb.com,AJ2K29ivyp8,5048378883464524
aalster57@squidoo.com,jqnGgStr5w,5108758245640860
hrambadt58@rambler.ru,pXFRPjBf9VhH,5108754254511829
bgarrals59@google.ru,RgsmuR,
ogulley5a@omniture.com,rc8xWecFTHT,5108750434247318
pjaycocks5b@xinhuanet.com,JN0uupXezXT,
esidry5c@thetimes.co.uk,OcMpam1sI,5048377489986773
lgoggen5d@ucla.edu,8EpQZoQ4,5108750848834214
jcourtliff5e@about.me,znU5Ed5pkbPe,5048374131104236
mmarskell5f@paypal.com,seZsAz3o4cTj,5108758464527756
rputtan5g@vistaprint.com,H4wm5E,5108759353838106
ddudmesh5h@wufoo.com,8ctlyxjY,5108758067374523
fdewen5i@mediafire.com,UdJD7Icim1,5108754041762792
mfrantz5j@who.int,OZ1wLObLUu,5108751929832085
rgarritley5k@nature.com,g7xr4bnx9LoN,5048372906359456
awallen5l@quantcast.com,rLjHXcuVu,5048377212499557
dhoys5m@newsvine.com,PyhsDZ,5108752292002041
rjonin5n@bbb.org,DJG3p1MVFK,5108751500776990
rsalvadore5o@flavors.me,V0GV15y9WrpC,5048375536075467
agreydon5p@people.com.cn,cOq6pTrsKtUZ,
ddurling5q@tinyurl.com,WP5JlDCKE,5108754835480056
nduigenan5r@china.com.cn,TyIfGWTv6lZ,5048378896849216
mescritt5s@yelp.com,gkDzkVfl4KV,5108750215844770
dmcanalley5t@theatlantic.com,apysjX,
corbon5u@nsw.gov.au,oIX2l7qQe,5108753361775798
wcayle5v@unicef.org,vx6T48XA,
gdorbon5w@answers.com,4VteAPv,5048379198679004
lmarklin5x@reddit.com,rsq6MLj,
jwheowall5y@comsenz.com,jsMkcH,5108758954844869
lrivett5z@ca.gov,24GMF2Ib5,5108757884172714
jmusso60@cnn.com,hWSLK6RmQn7,5108756254640557
kdevil61@yahoo.com,CKANVEVvAZfW,5108753431169741
vandrelli62@disqus.com,uQZfHFe,5108752079092751
calliban63@xing.com,oG27VDE,
atregona64@hexun.com,6ouRvf3,5048372665871071
alevett65@wufoo.com,NOOlabAC,5048370403425895
cmenhci66@sphinn.com,D1oYOiPd2,
lafield67@github.io,MleSyQzqP,5048374304116488
hdonovan68@cisco.com,WKc5nFuKCp7K,5048373964975878
snobbs69@wikia.com,0T5Kn8Irub,5048371677165605
vody6a@vinaora.com,1ORSXyd,5108753476970870
gbilsborrow6b@cnn.com,PpT9jPX2e,5108758276860817
htwigge6c@ustream.tv,GSpFvNeobqU2,5048379327081759
iboath6d@yandex.ru,O91Yc37eO0CV,5048370048855761
lfonzo6e@clickbank.net,MFOmvZx,5048374489156960
nrickardes6f@cisco.com,OCq2uhcaYa,
jmalcolm6g@cyberchimps.com,5Q2nkyaNJhb,5108758737819592
zlamort6h@xing.com,gkkoQ6,5108759048914932
lhaverty6i@meetup.com,ErIzDCfV4,
tdoudney6j@parallels.com,zt8y4tmRx4,5048373206200531
rgreaterex6k@discuz.net,6Fxp6fmPLJ,
lzimmermeister6l@wisc.edu,jbH61i,5048379932217517
blasham6m@ucsd.edu,rex2AgW,5048374839661024
sduffell6n@typepad.com,61GJUM285Wrn,5108759062573358
pkenson6o@amazonaws.com,k2F80o,5048373769260864
gdjekic6p@livejournal.com,69uzCr7,5048377589700843
cstribbling6q@nydailynews.com,8ftNpD3,5108750189686561
jbrockley6r@naver.com,m604lL,5108757111233941
screer6s@mac.com,R1Al6zjnGO,5108757652386843
ddiviny6t@hhs.gov,dxIJ4h,5048378744876940
ccalcraft6u@ihg.com,RzSvfzXqy,5048376313070218
fgailor6v@imdb.com,9TqMFsnG5qp,5108757993640940
poregan6w@shop-pro.jp,lwADUUlf,5108759766044508
bcumine6x@smh.com.au,4KfP9OeCdNNX,5048379828935693
mtarrier6y@google.it,ZxNMft,
ryerlett6z@cloudflare.com,q8rEOg,5048371798307938
tacreman70@photobucket.com,40eXJQth,5048375959619098
kleyban71@cdbaby.com,X98Xbc,5048375031057309
kmcmeekan72@bbc.co.uk,fwbGmJL9RVK,5048375386942550
mmcchruiter73@walmart.com,aDZq2bhTm,5108754742890637
gskinn74@nsw.gov.au,DPl9ZNA5i,5108754782171070
akoppen75@hud.gov,Vw0P9946U,5108754485880738
cnelligan76@github.io,MN2ZKJRjBAt,5108750368467403
dautie77@businesswire.com,J7oSr9wET,5048370991292905
khumbles78@istockphoto.com,DVWRkC8QEh,5048374976165169
adighton79@technorati.com,YpRRFh3c5h9,5048370466506474
sdentith7a@mac.com,imwcDVVJy,5108753866225851
hgribbon7b@icio.us,m6OpRtXFAc0,5108750258142777
mkidde7c@google.pl,yhVjkPr,5048377737752498
gdevas7d@xinhuanet.com,ZcdFxFwluc,5048371902320983
cwoodfin7e@gizmodo.com,hGDrls,5108759085917566
vpiel7f@zdnet.com,Ddd3eKM,5108751303176513
cmccallister7g@mapquest.com,bzA9GF7ss3m,5108751317824231
dmackinder7h@miitbeian.gov.cn,Sq2JQkHAOtq,5108750677485831
aizac7i@yandex.ru,8bCZ55o7DaA,5048376066790566
acumine7j@ow.ly,YIXRWsFBksy,5048378327330166
hwannell7k@ucsd.edu,NN8uT0pvHtt,5108753328323716
rhorsey7l@yahoo.co.jp,Jk63m4pD,5108758052359083
bbolingbroke7m@uol.com.br,mruJzG,5048373733534774
mregelous7n@java.com,MCRS0FncrFr,5108756281694692
mpach7o@youtu.be,b1QySnfVl2,5108758890517033
jmargetts7p@csmonitor.com,ln7ZPkZ59lEk,
gmulchrone7q@sina.com.cn,kokBAGw1ANU,
krustan7r@yahoo.co.jp,kKPWggC64kpe,
fhacquard7s@goodreads.com,QGQe4zeK,5048377009006177
chiers7t@msn.com,KFe6I8MQ3D9,
cgounod7u@auda.org.au,2CPkeH9,5048376223641850
mjewett7v@barnesandnoble.com,RNVAidodx4,5048378349891641
ajones7w@skyrock.com,EHec8BTcjmw,
vhillyatt7x@go.com,TOzmMWFrt,5048377557997157
skalberer7y@com.com,2kxobjyVGv2,5108754838843193
tscorer7z@tuttocitta.it,SaCxGvizCeKe,5048375036814712
gnimmo80@taobao.com,r6jwbNR,5048379538641474
nkyrkeman81@senate.gov,EhH8c8,5048371636436766
trosberg82@go.com,2QiMUdl3Z,5108753994472326
jhugueville83@studiopress.com,Sshq7u0hBS,5108754138607710
ksheircliffe84@si.edu,BrszLZ09d,5108756398134376
lryson85@yahoo.com,DZSYCimoU,5108756150917141
drollason86@china.com.cn,URPNjhiCyJWr,5108750862027638
rgetch87@dyndns.org,bdG8MrFe,5108752432616437
afanshawe88@people.com.cn,AuDIRRhv,5108753566751164
fryland89@nsw.gov.au,Xylj3uMKjvi,5048379815852869
ladie8a@sciencedirect.com,dpiQH4LaCX,5048375847360160
zconibeer8b@sitemeter.com,FGbqg1LXqSa,5048378782641396
sfarrant8c@craigslist.org,5toqBk5yHb,5048370163321003
gbraycotton8d@vimeo.com,qbOUU73Zl,5048379557482032
kkidder8e@ucsd.edu,8n5GAM9sn,5048377970912221
wolivier8f@census.gov,QvhZ3hgJc,5048371068381472
cwhitticks8g@nba.com,oQD7aXq,5048371931192411
dhulstrom8h@t.co,3gRpuINwVga4,5048378852787491
nboldra8i@boston.com,ozVzj6,5108753455932669
cguiduzzi8j@dion.ne.jp,ExUEO2L2,5108756748742738
pmacpaike8k@usa.gov,BQrnbK,5108754838492421
wgoneau8l@eepurl.com,ZTsy4I,5108757218554561
malbiston8m@newsvine.com,QQe4bvuYOi,5108756916544858
bhansard8n@vkontakte.ru,tVpB93NXO,5048374402504239
vdaunter8o@ox.ac.uk,9hQcOxCt3s,5108757001692388
agrandin8p@discuz.net,sUj46lX1Pn,5048375845251569
onowak8q@elegantthemes.com,lxcEV4LZP5Ck,5108757307482302
daldrich8r@posterous.com,JjS4aE,
kpedracci8s@icq.com,sFUOiR,
jrestorick8t@pinterest.com,EcFpCJPx,5048374520968290
tgrinsted8u@diigo.com,yQZDFVLGm2NE,5108758578513924
lmcphillimey8v@gmpg.org,rchX2xOPAnJ,
bcastellan8w@tripod.com,BdFGsxzaoSt,
irama8x@diigo.com,BMGM2y,5048378061753557
kholah8y@friendfeed.com,OpI6MeE,5108754585371745
cheijne8z@canalblog.com,SGnxBfqL,5048372830788747
ymarrison90@artisteer.com,XcRjH1o,5048372935808739
ghadigate91@cmu.edu,sx3qU50V89G,5108753490634700
ckerrey92@mysql.com,n12ATXhCYLw,
lebbitt93@yellowbook.com,2b36XgOj1XJm,5048377621308969
amcsweeney94@wordpress.com,OjhLqVqw,5108758031748372
dmuspratt95@pbs.org,q6U1koq3,5048375760870500
dvanyarkin96@pcworld.com,FVzimB,5048377260441352
jrustadge97@sciencedirect.com,HTkRfgsJavA,
lpayler98@nytimes.com,b1o0Uyr6,5108752884072519
mwoltering99@taobao.com,Mr6BX1XP,5108755359365946
daubray9a@columbia.edu,nGE2jdox,5048373016051942
ctrevains9b@sogou.com,k3FYtRry,5048374911882027
hbudik9c@cafepress.com,RZkdkF1iObt,5048370411380660
gwillment9d@rambler.ru,XtBZ1Yx,5048379131582406
weslemont9e@slashdot.org,RWzoWU,5108756014289091
afeaster9f@biglobe.ne.jp,5E3fmqkTl3Dk,5108757358416308
zknutsen9g@vkontakte.ru,z84JuwJ9QFA,5048373580173932
cmitcheson9h@yolasite.com,xQtZQGJT,5108753697712960
amatthensen9i@topsy.com,bWNEfX1i,5048378533511880
bsoltan9j@princeton.edu,JLwfjeYSRy,5048375470145649
abosomworth9k@hibu.com,UOdQvz,5108757171789584
atop9l@people.com.cn,7N6uT4cPhzQI,5048376552969971
bpoolman9m@yellowpages.com,Fn4zZro,5108753331966287
mcorradetti9n@themeforest.net,HcPCMt,5048378618124062
criggs9o@addthis.com,0bCarJ7,5048379693785629
eradolf9p@wsj.com,W8IUHG6,
bpentin9q@google.es,Rw0EoowA,5048373818916664
scurtois9r@google.de,CfwqIga6Q,5108751998950016
arookes9s@twitpic.com,5lb71Tu,5048374485967956
storrijos9t@uol.com.br,zmFwQ65pCrT,5048378984042922
drabat9u@apple.com,Q8xd13,5108759596729385
nbruckner9v@marketwatch.com,hzBsMto9GpA,5048376131428382
dciobutaro9w@jalbum.net,vOwNVffnGPHP,5048379784078272
mturpie9x@engadget.com,jNQOd4f,5048375976800168
ewoolfall9y@ocn.ne.jp,KBphlesdtMR,5108752539178844
fbeckitt9z@uol.com.br,Z27MoH4SSEY7,5048373892598461
nbouskilla0@blogtalkradio.com,vaGtmpv,5108759022172572
mlibermorea1@icio.us,cNOF5em,5048377592150804
wmalamorea2@imgur.com,IiIf3Gtk2kX,5108750088749304
sdeningtona3@boston.com,H7CuZ3,5048373232541247
bbloxholma4@digg.com,9fvlNsa25vA,5108754590205458
isoughtona5@weibo.com,6o4ZobV,5048371265445369
bguyersa6@ftc.gov,7TUlgmlC,5108752254096478
elandsberga7@google.ru,MAvRZNVa,5108756716976441
mbrechina8@blogs.com,2UX0KyzB,5108759821607448
scrasforda9@army.mil,2fhtDSntj0v4,5048378909277074
kcolafateaa@eepurl.com,2gVSka,5048372455889812
lszapiroab@engadget.com,7SrnzVb7f,5048371962172662
mroughsedgeac@pbs.org,4F5otFzGk,5048379047663688
bmccurlyead@imdb.com,IMiewe5,5108750894577022
hchorleyae@wikimedia.org,eFueNOwnP,5108759781777868
scuttsaf@phpbb.com,VT9U5OEkMXn3,5108755527368681
elindstromag@angelfire.com,vyWpC8dJWLRg,
tstickelah@sun.com,Px8cakLh6,5108751343158497
iyeardsleyai@a8.net,ZByk97tShw,5108756210492697
hharradenceaj@go.com,H0LDRMByu,5048374691775664
abrandleak@netscape.com,D9kXd1,5048379699715653
lgoldneyal@a8.net,0jCWuvmJOa,
nbickeram@wsj.com,zkNnj2wC54XB,5048379707653854
qwhaymandan@mozilla.org,odDwaZLFv,5108759640325669
asnailhamao@google.cn,xWRxclOtP,5048372279471425
hibarraap@taobao.com,SPIg8IWI6N,
opawlickaq@hc360.com,a2YQ1wlcT,
hgrogorar@macromedia.com,NkLPDyG0vBaF,5108757721951759
bkaretas@irs.gov,SZIEX0iiVy,5048376460171611
abunkleat@intel.com,wOZSiJBdV,5108751197889338
dludyeau@reverbnation.com,tRU95j,5048377178572199
phardwichav@clickbank.net,4zXCATo6h,5048372168850283
ebirraneaw@netlog.com,x5xMYkd8fHt,5108754513079386
rbamburyax@webmd.com,HAvwolxxSQO,5108755851060425
dreochay@census.gov,8uxjLXeLB,5048371409727276
bgorrissenaz@nymag.com,jYpZI9,5048378551343760
rcattinib0@slideshare.net,Osa9nGvrUgcV,5108754036951335
aaylettb1@dion.ne.jp,8QGlCRga2Nx,5048377482103681
cscroytonb2@hibu.com,DyRjGvIZrZ,5108755578353970
tlilloeb3@lulu.com,EELaXS8ajZ,5048373241171655
lgrimwoodb4@a8.net,4DOc4Qa8NY,5048377359955809
vgellatelyb5@fotki.com,bBYFfZHGCu,5108754065279434
hsangb6@epa.gov,oyAyjwxspSo,5048374498782467
shuzzeyb7@globo.com,ml2l33val,5048378572634577
kespinazob8@seattletimes.com,ZqLBjStf,5108757697957319
ctaceb9@earthlink.net,ZwcV8V,5108750417087863
ecoyteba@ovh.net,lssdcv3dsM,5048371774205445
ldungeebb@ft.com,PpnSbjTuzSb,5108752768517217
mspyerbc@stumbleupon.com,WGnO0y5xdg,
ciglesiasbd@1688.com,wOc9ssN,5108755485397276
azealanderbe@cdbaby.com,PRO4cf0Pf,5048372511991610
faldwichbf@amazon.com,LQv3bEcCV,5108758323398092
hcalbrathebg@pinterest.com,Vpxog5FZICMF,5108753240452767
chavilebh@bing.com,AFhqNvGGlN,5048373283411795
fbaskeyfieldbi@soup.io,Me9wKtZ3,
ihainingbj@narod.ru,8GTHEyAi,5108759325193788
jpetkensbk@angelfire.com,K9M69aYbkVj,5048377651973377
skarlssonbl@huffingtonpost.com,I4k14sqe3S,5108754829746348
nottewellbm@nih.gov,YVVKXv8,5048379713492479
escrammagebn@google.co.jp,UqUQCesz,
msudybo@amazon.com,Oea5WIh1k,5048371968178085
ldehoochbp@xing.com,CdzDn4YQV9cg,5108751095951016
ddupreybq@pcworld.com,s6spBL,5048373196443414
kgilbankbr@newyorker.com,RjR6I8Or,5108752042998985
mgumleybs@irs.gov,INMNeeQ,
ifilipyevbt@wsj.com,7nHG5Ip,5108752355545142
rspinnacebu@vk.com,y0RV7ZwM,5108758196361177
anicholsbv@blinklist.com,JF7NdUDgin,5108756226257373
wfishlybw@imgur.com,5vhTyQ,
dsigwardbx@tumblr.com,BKFzwN1lO,5108752387590686
khasnipby@feedburner.com,h3D7HLmm4sVB,5048371936342391
djaycocksbz@un.org,2Qj2dzC,5048370147737225
charefootc0@amazonaws.com,X7FtN3L,5108752770221998
chornigc1@marketwatch.com,p1pjlltHRbm,5108753527479723
jmcminnc2@redcross.org,qGbRTPKkK,5048371915642159
cdymottc3@hibu.com,hoSo7VoeMYT,5048377545512175
pdudhillc4@barnesandnoble.com,U2oqO3ObNYw,5108751215830090
bcyphusc5@bigcartel.com,OhT0xVn,5048378470926828
eguinnessc6@yahoo.com,lF9yzcnQU4KY,5108757012416868
dhandscombec7@hud.gov,XmIjwf1b3,5048372014121541
rbragerc8@bluehost.com,ReBIOFN,5048371561985027
lgaymerc9@jalbum.net,XuzCOJ,5108751894118361
kchestnuttca@nydailynews.com,16qRLkO,5048373517821587
emccrearycb@list-manage.com,oAI8nyj3e1U,5108751029433420
msustoncc@360.cn,y4biZsomKEX,5108756859843259
dlidgeycd@youtube.com,BoE366cuxx,5048377339048634
tborleasece@seesaa.net,oq7l5pwHg,5048372445678812
emacauleycf@wiley.com,vtsPNUd,5048372268675721
rpilgrimcg@accuweather.com,VtE841k1uwuz,5048373222459541
twadesworthch@shutterfly.com,TrxrQH,5048377857287739
pchishullci@harvard.edu,7vtnFHlsOs,
jbrandoncj@tinyurl.com,GEYCnmA,5048378819180228
idablinck@springer.com,gdw1u3,5048376027314829
cramsellcl@trellian.com,IdKNL1c2,5048372992741237
kkaaskoopercm@redcross.org,jzgrzg,5108752331715744
mlabatiecn@nps.gov,jQ1jrWLVx,
vpeytoco@princeton.edu,PhpebnX,5108753005909597
fbushcp@twitpic.com,oLhPHTWg3,
tkreuzercq@tmall.com,Qp92ZCqiTttC,5108759624144474
msteetcr@ftc.gov,Ry3QFh,5108759025208209
nkuschelcs@hhs.gov,o3xUsED,5048375334342408
rberickct@msu.edu,SEwPb1lNh3Mr,5048376626045980
aharkercu@twitter.com,KrlI4bEp34M,5108751303490880
fschrotercv@macromedia.com,Ek2MlR48n0lc,5048379096061297
asanzcw@theglobeandmail.com,HG1Kc3pOh4iF,5048374096509239
akmicickicx@cisco.com,Ie0fggWhyLl,5108751317323895
agrendoncy@symantec.com,atw3Hd,5048370089641369
rzolinicz@nature.com,tKEoXu,5108750481658318
hmcboyled0@hatena.ne.jp,GpOkV4hyqi,5108759480874669
amettrickd1@feedburner.com,lUsNNcRPO,5048373422722177
osalergd2@comcast.net,LdnLy4A2,5108759091377995
cdumbltond3@youku.com,6MmQRs0ps,5108758337360450
mstanmored4@wsj.com,u2ZhWPUZlp,5108759034963489
dgolsbyd5@wordpress.com,5CUUlYcC,5048376060761290
kbogeyd6@blinklist.com,iQLdpdsVP,5108754334801661
npoulsumd7@nsw.gov.au,KwcmO5rqvt,
zsalvaged8@wunderground.com,dgjilNQnR4,5108750984590653
kikringilld9@marriott.com,YIQYoDvPc,5108757844213947
ctresvinada@wired.com,8GZaNOGd4CR,5048370596142448
csimionatodb@opensource.org,WQu6TKvA1oa,
ematondc@statcounter.com,WCStVZIyxmQ,5048377927265970
pskelhornedd@addthis.com,8NZLAUj8,5048372464303987
sphettiplacede@spiegel.de,wFjJv7n,5108754024047666
qvipandf@state.gov,bb4TEGB2rAYe,5108754777847148
rroycroftdg@yale.edu,IoV2rPoRcmCH,5108758285279538
rgaleydh@cam.ac.uk,nT9mncR9,
cseverndi@g.co,5Bzj8tKCy,5108753601351251
klabbadj@goo.ne.jp,uFw8fQtH,5048373104023449
dbalogdk@wiley.com,06yJ2Hp5Ui,5108752258170469
tronischdl@hugedomains.com,reYzOGILS7SN,
asnarttdm@cbslocal.com,gtlhgPKKc228,5108756358650197
nwombwelldn@si.edu,JEORKW,5108759841900666
cepinaydo@angelfire.com,8O8FnDm2,5048375962699434
abruntjedp@slideshare.net,bdL41o,5048379165542342
cpeaddiedq@salon.com,PdhUIWtFf,5048376758320086
gstrutleydr@cornell.edu,xmwqBgFY,5108758203878874
cisseleeds@ask.com,9zUNXhgx6IyV,5108754736667801
ltregiendt@intel.com,pPTXaPl,5108750615552601
cattwaterdu@yelp.com,uWo9Ty,5048379008088982
cmcmonniesdv@addthis.com,CTRweFhrqiv,5108754768052260
