name,email,password
'Corin','nmacfie0@yelp.com','vNsynoMv'
'Eva','zeckly1@youtu.be','nsHJPkaDDrUH'
'Sherri','dkeeri2@1688.com','5yAHaiZ'
'Scott','catter3@blogs.com','YxP1DLN'
'Kylie','mferie4@nasa.gov','76BYVa2'
'Diane','mlutman5@howstuffworks.com','pjcKOX2Qi'
'Rosana','bmccutcheon6@i2i.jp','uNuw8FS'
'Diana','pjedrasik7@diigo.com','XusX2ZwG0ovd'
'Elizabeth','knorthcott8@usda.gov','asK5MgWW4sNT'
'Victor','jludvigsen9@mayoclinic.com','DPYCbH3iVe'
'Debora','ipollocka@aboutads.info','A3Gwz7'
'Charo','cciccoloib@icq.com','JZFjuulKd'
'Landi','slazerc@disqus.com','CFDG2lkL5'
'Jema','mcumptond@ihg.com','nWsKArYnhS5D'
'Alejandro','btailbye@google.com.au','BhUCMMC2'
'Omar','hlastf@fastcompany.com','4GbTJi'
'Benjamin','tworsnipg@umich.edu','8rLhECZpiRYk'
'Anne','zparfetth@oaic.gov.au','ZBQzmUFgNg'
'Mindy Joy','vstolleni@berkeley.edu','fkwzXQQF'
'Luis','agethynj@vinaora.com','twQ5mIpGnk'
'Nicholas','mkennawayk@squarespace.com','WEIBl2g'
'Angela','tlampsl@topsy.com','TpDCK4h77i'
'Jamie','bmothersolem@hp.com','f5kYyqkIJKk'
'Erika','dspicern@oracle.com','SGvl41z6'
'Randy','rhaggerstoneo@naver.com','rbRxgj'
'Manon','dherkessp@ted.com','HsKObFkV0I'
'Adrian','bdeathridgeq@wsj.com','50X25Hig6HU'
'Jennifer','bdibartolommeor@ask.com','1Gd1qKTS7'
'Mike','eridsdells@flavors.me','ps8vmShx2'
'Ann','dradmoret@umn.edu','pwBHMp'
'Gilbert','hosheeu@wisc.edu','Zs5iU4Vn43yl'
'Josh','ahaldenbyv@amazon.co.uk','ophbk8Z87'
'Matthew','osportonw@mapy.cz','lsHJQlNOVd'
'Min','haudsleyx@yahoo.co.jp','6kmWpzkVrwcK'
'Andre','oextony@wiley.com','kD06kte'
'Michele','bcottesfordz@taobao.com','WtM0ppgh5T'
'Audreyanna','aberkely10@sourceforge.net','ZXutTOR'
'Chelsea','smackonochie11@cnbc.com','Kqi44jHe'
'Austina','dhammerstone12@slate.com','oIrh1uCT'
'Brock','dkinnett13@netlog.com','Zy8q7DbOtw5'
'Alex','dgregs14@patch.com','0JD688AFaD'
'Sara','mdanilchik15@prnewswire.com','fTY5HI'
'Mary Claire','drubinshtein16@sina.com.cn','MluYpVG66'
'Wendy','ppalumbo17@si.edu','AjKZDwpPOYhU'
'Mary','mgallehock18@hc360.com','7KpBl7N0uPuJ'
'Kyle','nfouracres19@ox.ac.uk','oKihhf'
'San Diego Vacay','bcollocott1a@foxnews.com','qxpWn2'
'Matthew','erosenthal1b@bloomberg.com','dU5ZqaP'
'Carl & Vicki','lcardello1c@reuters.com','Vfk1Hu7U0aZ'
'Kelly','churton1d@mozilla.com','UZAlkpXrK'
'Kate','cwillison1e@netlog.com','7flc0o3Dc'
'Robert & Precious','lhuyge1f@ihg.com','y1Vt6ouG92'
'Mariely','rwakenshaw1g@scientificamerican.com','Lf8PqeU'
'Kelly','mchadband1h@phoca.cz','BCBEp3e'
'Sylvia','brays1i@forbes.com','gtxqA26'
'Patricia','ghallgalley1j@ehow.com','jw8Ro3WhH'
'Greg','kthacke1k@oakley.com','DTWehpAZdnue'
'Vivienne','rjeannequin1l@skyrock.com','4UBv3hjq903h'
'Brady','dpriddis1m@miibeian.gov.cn','I9W95ns'
'Raquel','bmessier1n@narod.ru','2Lo0SnYWv'
'Geraldo','hplackstone1o@ezinearticles.com','sMESJ7MTtSM'
'Adam','hmacgovern1p@canalblog.com','VN9lGdxy'
'Scott & Janet','gbrumbye1q@deviantart.com','wISQc8'
'Collette','ceisak1r@toplist.cz','fPTO6Aw2'
'Dave','rsaice1s@ovh.net','d8GdK0v9B'
'Jerome','cfurby1t@boston.com','9UXb9pGx9Rx'
'Jodi','kocannovane1u@thetimes.co.uk','94dlJy6rbR'
'Peter','lshimmings1v@bbb.org','EtETHaQ'
'Renu','bjolliffe1w@google.cn','F9OkeE'
'Jake','xpury1x@google.es','yJ9iiMFY'
'Whitney','ddaniaud1y@furl.net','oWpgIabB4RH'
'Andi','yneil1z@wikia.com','0RflPSCZLF'
'Jon','bhawler20@so-net.ne.jp','KhSKmWZJtPdC'
'Catherine','qlapidus21@dion.ne.jp','wlQy9B7'
'Matthew','tashdown22@amazon.com','bzTzE2uKs666'
'Kathryn','tsorton23@unblog.fr','FkKpWtjG'
'Mary','tebbers24@netlog.com','o4LYDZpA'
'Horus','amcaviy25@seesaa.net','npulEmjo'
'Keith','bstowe26@ebay.com','RfVzjE6g'
'Fredy & Yolanda','gklaff27@goo.ne.jp','l1cVaN6Tx'
'Paula','jsconce28@pbs.org','gOsT9QPygW'
'Alan','rmorat29@flavors.me','izCon7wEoV'
'Tom And Samantha','gpedlow2a@hao123.com','ShcQj2u'
'Reynaldo','raldham2b@yale.edu','fdgzLk'
'Ethan','mdugo2c@sciencedaily.com','iIW9QXEuU'
'Maria','jbellenger2d@odnoklassniki.ru','kewAxV3Nko9'
'Cathy','crodge2e@ycombinator.com','U2whG47'
'San Diego Sunset','ibettley2f@redcross.org','R6aXNw9R'
'Cathy','mbraime2g@is.gd','RlDJTd5nEw'
'Mike','obockmann2h@typepad.com','HruRlijjD'
'Miranda','bchapelle2i@list-manage.com','wt1kRpYc'
'Rental With A View','rsouthon2j@gov.uk','JKEaoAbql5Sy'
'Tami','tjaumet2k@howstuffworks.com','o4YmnbwI'
'Karena','lcolomb2l@cnbc.com','levuDmE'
'Jl','ltimothy2m@merriam-webster.com','w4L1SHSF1uV'
'Tracy','ktallon2n@harvard.edu','6r7a4kj'
'Craig','csahlstrom2o@kickstarter.com','T5qTKp2hL7C'
'Brenda','apree2p@kickstarter.com','vuC7FxhXr'
'Alex','ipalphramand2q@tmall.com','aSfshn7'
'KaraNoel','tdomm2r@ibm.com','cM1XXDPcgkz'
'Bobby','wrimbault2s@ucla.edu','8Pga92Jxe'
'Emeel','pthomke2t@dell.com','pqgoz3feuzYh'
'Christian','hchristophersen2u@nasa.gov','qlXmdzNZOB'
'Rafael','tmurrish2v@google.com.hk','VqteBRcxOWH'
'Sue','bheynen2w@fotki.com','emYf0Fb40GlJ'
'Jonathan','bjeannot2x@google.com.au','I633bzROtS'
'Mitchell','emolfino2y@feedburner.com','XcWuPxiQ'
'Marina','cbunson2z@wix.com','g404T4QKGfGQ'
'Annie','mcranmor30@opera.com','loSSAggFh'
"'Terry And Joyce, Kim.'",'singerfield31@sohu.com','bd8q9P'
'Patrick','gullyatt32@army.mil','iwRRWRp'
'Cherie','aedworthye33@people.com.cn','EkUyCs3C'
'Kristen','gtesto34@dyndns.org','s2HsEg'
'Colby','jmullender35@yellowbook.com','KL6i65'
'Lori','groubeix36@posterous.com','Mzhk6HSC'
'Marie & Charles','jbramham37@nba.com','b0anpRZXq'
'Leni','moakly38@friendfeed.com','VEqw8j8pb'
'Joe','aduns39@yale.edu','y4fhB5vPJT'
'Victor','dpaddle3a@eepurl.com','MyvUcVURyRHZ'
'Janet','tkluss3b@4shared.com','83rtlWY'
'J','tscading3c@godaddy.com','tmbCuL'
'Elad','acogswell3d@paypal.com','OIzwk1H'
'Denise','wmelwall3e@miitbeian.gov.cn','1sRsEx9CIc'
'Linda','jfendley3f@amazon.de','F48ByqSzvb'
'Tito','mtole3g@netscape.com','qMHVriKR'
'Molly','dschade3h@seattletimes.com','17VVgbkNs'
'Ever','dlung3i@comcast.net','XufbHxKURV'
'Kelly','dfrewer3j@deliciousdays.com','QC81iXr8Dr'
'Gabriella','pwyper3k@netlog.com','sAo47st4FtQ1'
'R.J.','jfeckey3l@intel.com','ZaLfuu'
'La Jolla Dream Homes','jbortolotti3m@odnoklassniki.ru','Cw5QRpEfwUhb'
'Levi','jiannelli3n@google.co.uk','NkGiMM2oi'
'Bobby','esatyford3o@studiopress.com','cAdf5rQAz3a'
'Joseph','lrother3p@oracle.com','vt2RlYke'
'Mak','mhankey3q@discovery.com','ZSWQq6YY88qR'
'Robert','ssebastian3r@google.pl','GydWOBjj5Y'
'James','drigg3s@constantcontact.com','EsH9w7j'
'John','mbritner3t@cocolog-nifty.com','dHoHbNHvK'
'Susanna','acarbine3u@example.com','VGVZWVW'
'Tawnya','nkadar3v@google.it','auzptXWcqruP'
'Paula','mcampey3w@toplist.cz','Ae4D6rrU'
'Miriam Ester','sgothrup3x@livejournal.com','vJUaMJlCbOOz'
'Alma','cmiddlehurst3y@state.tx.us','CKiFXHgZ1'
'Karina','ggloves3z@tinypic.com','tCvLhVAl'
'Kathryn','kalston40@amazon.co.jp','zpLRW7'
'Rhonda','msmith41@cbslocal.com','RdK3iLi'
'Kevin','sharrill42@google.es','F2SZ7SP0E'
'Proper','aperree43@redcross.org','BnUOjWXaZjQ'
'Paul','kkenealy44@domainmarket.com','PaaGcV'
'Alvaro','tlavin45@baidu.com','ScRYVsn3ROJy'
'Seif','usunter46@sciencedaily.com','BImYn6gFtqB'
'M D','tswiers47@reverbnation.com','jmZy7p'
'Carrie','nhankey48@huffingtonpost.com','7QYQH3tp2'
'Sunshine','vcollishaw49@altervista.org','ofxOjvHCDI'
'Suzanne','abartoszewski4a@cargocollective.com','KeORl3zYv'
'Douglas','shacksby4b@cyberchimps.com','inOH2WvKJG'
'Tracy','ebulley4c@issuu.com','V9v9mkZTiV'
'Daniel','alobell4d@pagesperso-orange.fr','GrETEFDmsN3'
'Megan','pkulic4e@sphinn.com','QLELpL2'
'Lily','hmayte4f@alibaba.com','PP8sLluwRK6C'
'Nancy','cmoraleda4g@usgs.gov','4Zcs7KIKbiEm'
'Ethan','epopelay4h@mediafire.com','46lWOyk'
'Amy & Dave','mdiviney4i@artisteer.com','8P2w2paSQgj'
'Heather & Jeremy','efuente4j@baidu.com','c7FwTdWeAHs'
'Tasha','lodonnell4k@unc.edu','ndxVy3i5'
'Igor','kspacy4l@apple.com','m7DBh8OENiI'
'Brandon','nchessil4m@desdev.cn','Nto7mtyZko'
'Kim','cseres4n@hhs.gov','W4qbkGq'
'Jennifer','rstranaghan4o@rediff.com','vIY42Bl'
'Benjamin','pmachostie4p@dot.gov','rr1h8Bq8Y'
'Stew','agraffin4q@opera.com','1bRleMmp'
'Rachel','mhartfield4r@exblog.jp','zNvM0Ojy3h'
'Louie','cpentland4s@japanpost.jp','07rOBUzn3IH'
'Sheryl','bosbiston4t@mlb.com','SP22nEkZcGrl'
'Paco','sbleaden4u@youtube.com','Wa9aSIhW'
'David','knavein4v@weather.com','8qjvuO'
'Nina','jshitliffe4w@mysql.com','x36pAaTH'
'Ameenah','drosbotham4x@bloomberg.com','nlFYM3RwpH'
'Tom','gcoomes4y@google.es','84mQEMdCXpx'
'Lisa And Tom','skibbe4z@livejournal.com','wns1Vjw14wit'
'Jaden','ashadwick50@psu.edu','nUZYOfAZ5'
'Tayler','mmccrea51@eepurl.com','6EOVHKiGZk3h'
'Sonia','ckeilty52@icio.us','HS95gpSlx6'
'Ann','dmccarlie53@cpanel.net','gBhpZCdH6JNW'
'Jenna','nhugues54@ifeng.com','NEVG7MSUTwQx'
'Nico','ahague55@tamu.edu','8jtrm4mI4xm'
'Jordan','clung56@imdb.com','AJ2K29ivyp8'
'Sharone','aalster57@squidoo.com','jqnGgStr5w'
'Estefania','hrambadt58@rambler.ru','pXFRPjBf9VhH'
'Clint','bgarrals59@google.ru','RgsmuR'
'Cindy','ogulley5a@omniture.com','rc8xWecFTHT'
'Mario','pjaycocks5b@xinhuanet.com','JN0uupXezXT'
'Dragos','esidry5c@thetimes.co.uk','OcMpam1sI'
'Simone','lgoggen5d@ucla.edu','8EpQZoQ4'
'Donna','jcourtliff5e@about.me','znU5Ed5pkbPe'
'Rick','mmarskell5f@paypal.com','seZsAz3o4cTj'
'Matt','rputtan5g@vistaprint.com','H4wm5E'
'Rich','ddudmesh5h@wufoo.com','8ctlyxjY'
'Brad','fdewen5i@mediafire.com','UdJD7Icim1'
'Emily','mfrantz5j@who.int','OZ1wLObLUu'
'Clark','rgarritley5k@nature.com','g7xr4bnx9LoN'
'Jared','awallen5l@quantcast.com','rLjHXcuVu'
'Richard','dhoys5m@newsvine.com','PyhsDZ'
'Aviv','rjonin5n@bbb.org','DJG3p1MVFK'
'Maria','rsalvadore5o@flavors.me','V0GV15y9WrpC'
'Chris','agreydon5p@people.com.cn','cOq6pTrsKtUZ'
'Andrea','ddurling5q@tinyurl.com','WP5JlDCKE'
'Dave','nduigenan5r@china.com.cn','TyIfGWTv6lZ'
'Jacob','mescritt5s@yelp.com','gkDzkVfl4KV'
'Ciara','dmcanalley5t@theatlantic.com','apysjX'
'Juan','corbon5u@nsw.gov.au','oIX2l7qQe'
'Amber','wcayle5v@unicef.org','vx6T48XA'
'Nick','gdorbon5w@answers.com','4VteAPv'
'Meng','lmarklin5x@reddit.com','rsq6MLj'
'Noelia','jwheowall5y@comsenz.com','jsMkcH'
'Jackie','lrivett5z@ca.gov','24GMF2Ib5'
'Luisa','jmusso60@cnn.com','hWSLK6RmQn7'
'Nikki','kdevil61@yahoo.com','CKANVEVvAZfW'
'Petra','vandrelli62@disqus.com','uQZfHFe'
'Betsy & Stan','calliban63@xing.com','oG27VDE'
'Darren','atregona64@hexun.com','6ouRvf3'
'Seth','alevett65@wufoo.com','NOOlabAC'
'Timothy','cmenhci66@sphinn.com','D1oYOiPd2'
'Renee','lafield67@github.io','MleSyQzqP'
'Kora','hdonovan68@cisco.com','WKc5nFuKCp7K'
'Bluewater Vacation Homes','snobbs69@wikia.com','0T5Kn8Irub'
'Ingrid','vody6a@vinaora.com','1ORSXyd'
'Juan','gbilsborrow6b@cnn.com','PpT9jPX2e'
'Vaughn','htwigge6c@ustream.tv','GSpFvNeobqU2'
'Chris','iboath6d@yandex.ru','O91Yc37eO0CV'
'Louie','lfonzo6e@clickbank.net','MFOmvZx'
'Steven','nrickardes6f@cisco.com','OCq2uhcaYa'
'John','jmalcolm6g@cyberchimps.com','5Q2nkyaNJhb'
'Pam','zlamort6h@xing.com','gkkoQ6'
'Jessica','lhaverty6i@meetup.com','ErIzDCfV4'
'Martha','tdoudney6j@parallels.com','zt8y4tmRx4'
'Sharon & Terry','rgreaterex6k@discuz.net','6Fxp6fmPLJ'
'Brian','lzimmermeister6l@wisc.edu','jbH61i'
'James','blasham6m@ucsd.edu','rex2AgW'
'Shep','sduffell6n@typepad.com','61GJUM285Wrn'
'Sarah','pkenson6o@amazonaws.com','k2F80o'
'Robert','gdjekic6p@livejournal.com','69uzCr7'
'Stephanie','cstribbling6q@nydailynews.com','8ftNpD3'
'Lisa','jbrockley6r@naver.com','m604lL'
'Brendan','screer6s@mac.com','R1Al6zjnGO'
'Luoluo','ddiviny6t@hhs.gov','dxIJ4h'
'Efren','ccalcraft6u@ihg.com','RzSvfzXqy'
'Adrienne','fgailor6v@imdb.com','9TqMFsnG5qp'
'Jessica','poregan6w@shop-pro.jp','lwADUUlf'
'Jack','bcumine6x@smh.com.au','4KfP9OeCdNNX'
'Claire','mtarrier6y@google.it','ZxNMft'
'John','ryerlett6z@cloudflare.com','q8rEOg'
'Saburi','tacreman70@photobucket.com','40eXJQth'
'Melissa','kleyban71@cdbaby.com','X98Xbc'
'Kathryn','kmcmeekan72@bbc.co.uk','fwbGmJL9RVK'
'Maria','mmcchruiter73@walmart.com','aDZq2bhTm'
'Nathan','gskinn74@nsw.gov.au','DPl9ZNA5i'
'Ava','akoppen75@hud.gov','Vw0P9946U'
'Lorraine','cnelligan76@github.io','MN2ZKJRjBAt'
'Craig & Debbie','dautie77@businesswire.com','J7oSr9wET'
'Sarah & Denny','khumbles78@istockphoto.com','DVWRkC8QEh'
'Jesse','adighton79@technorati.com','YpRRFh3c5h9'
'Janneke','sdentith7a@mac.com','imwcDVVJy'
'Bryan','hgribbon7b@icio.us','m6OpRtXFAc0'
'Ed','mkidde7c@google.pl','yhVjkPr'
'Patrick','gdevas7d@xinhuanet.com','ZcdFxFwluc'
'Wanda','cwoodfin7e@gizmodo.com','hGDrls'
'Tom','vpiel7f@zdnet.com','Ddd3eKM'
'Kayle','cmccallister7g@mapquest.com','bzA9GF7ss3m'
'Danielle And Gus','dmackinder7h@miitbeian.gov.cn','Sq2JQkHAOtq'
'Evolve','aizac7i@yandex.ru','8bCZ55o7DaA'
'Kaitlyn','acumine7j@ow.ly','YIXRWsFBksy'
'Stephany','hwannell7k@ucsd.edu','NN8uT0pvHtt'
'Anthony','rhorsey7l@yahoo.co.jp','Jk63m4pD'
'LuxView','bbolingbroke7m@uol.com.br','mruJzG'
'James','mregelous7n@java.com','MCRS0FncrFr'
'Susanne','mpach7o@youtu.be','b1QySnfVl2'
'Ed','jmargetts7p@csmonitor.com','ln7ZPkZ59lEk'
'Kerri And John','gmulchrone7q@sina.com.cn','kokBAGw1ANU'
'Ramy','krustan7r@yahoo.co.jp','kKPWggC64kpe'
'Jaime','fhacquard7s@goodreads.com','QGQe4zeK'
'Valerie','chiers7t@msn.com','KFe6I8MQ3D9'
'Stephanie','cgounod7u@auda.org.au','2CPkeH9'
'Shanice-Raynell','mjewett7v@barnesandnoble.com','RNVAidodx4'
'Robin','ajones7w@skyrock.com','EHec8BTcjmw'
'Joshua','vhillyatt7x@go.com','TOzmMWFrt'
'Gene','skalberer7y@com.com','2kxobjyVGv2'
'Alex','tscorer7z@tuttocitta.it','SaCxGvizCeKe'
'Rachel','gnimmo80@taobao.com','r6jwbNR'
'Alen','nkyrkeman81@senate.gov','EhH8c8'
'Gina','trosberg82@go.com','2QiMUdl3Z'
'Beanie','jhugueville83@studiopress.com','Sshq7u0hBS'
'Tony','ksheircliffe84@si.edu','BrszLZ09d'
'Wendi','lryson85@yahoo.com','DZSYCimoU'
'Daniel','drollason86@china.com.cn','URPNjhiCyJWr'
'Miles','rgetch87@dyndns.org','bdG8MrFe'
'Christian','afanshawe88@people.com.cn','AuDIRRhv'
'Adriana','fryland89@nsw.gov.au','Xylj3uMKjvi'
'Anthony And Martha','ladie8a@sciencedirect.com','dpiQH4LaCX'
'Tracee','zconibeer8b@sitemeter.com','FGbqg1LXqSa'
'Happy Host','sfarrant8c@craigslist.org','5toqBk5yHb'
'Ellie','gbraycotton8d@vimeo.com','qbOUU73Zl'
'Sam','kkidder8e@ucsd.edu','8n5GAM9sn'
'Melody','wolivier8f@census.gov','QvhZ3hgJc'
'Yousof','cwhitticks8g@nba.com','oQD7aXq'
'Nicole','dhulstrom8h@t.co','3gRpuINwVga4'
'Vacatia','nboldra8i@boston.com','ozVzj6'
'Sam','cguiduzzi8j@dion.ne.jp','ExUEO2L2'
'Charles','pmacpaike8k@usa.gov','BQrnbK'
'Penny Realty','wgoneau8l@eepurl.com','ZTsy4I'
'Mariam','malbiston8m@newsvine.com','QQe4bvuYOi'
'Ryan','bhansard8n@vkontakte.ru','tVpB93NXO'
'Tim','vdaunter8o@ox.ac.uk','9hQcOxCt3s'
'Janice','agrandin8p@discuz.net','sUj46lX1Pn'
'Shari','onowak8q@elegantthemes.com','lxcEV4LZP5Ck'
'Rebecca','daldrich8r@posterous.com','JjS4aE'
'Grace','kpedracci8s@icq.com','sFUOiR'
'Marlysha','jrestorick8t@pinterest.com','EcFpCJPx'
'Jared','tgrinsted8u@diigo.com','yQZDFVLGm2NE'
'Rosa','lmcphillimey8v@gmpg.org','rchX2xOPAnJ'
'Holly','bcastellan8w@tripod.com','BdFGsxzaoSt'
'Bryan','irama8x@diigo.com','BMGM2y'
'Jessie','kholah8y@friendfeed.com','OpI6MeE'
'Joe','cheijne8z@canalblog.com','SGnxBfqL'
'Carissa','ymarrison90@artisteer.com','XcRjH1o'
'Laura','ghadigate91@cmu.edu','sx3qU50V89G'
'Laura','ckerrey92@mysql.com','n12ATXhCYLw'
'Feri','lebbitt93@yellowbook.com','2b36XgOj1XJm'
'Catherine','amcsweeney94@wordpress.com','OjhLqVqw'
'Tovik','dmuspratt95@pbs.org','q6U1koq3'
'Briana And Paulo','dvanyarkin96@pcworld.com','FVzimB'
'Kirti','jrustadge97@sciencedirect.com','HTkRfgsJavA'
'Chrissie','lpayler98@nytimes.com','b1o0Uyr6'
'Alex','mwoltering99@taobao.com','Mr6BX1XP'
'Irene','daubray9a@columbia.edu','nGE2jdox'
'Stan','ctrevains9b@sogou.com','k3FYtRry'
'Toufic','hbudik9c@cafepress.com','RZkdkF1iObt'
'Ryan','gwillment9d@rambler.ru','XtBZ1Yx'
'Stephanie','weslemont9e@slashdot.org','RWzoWU'
'Alon','afeaster9f@biglobe.ne.jp','5E3fmqkTl3Dk'
'Becca','zknutsen9g@vkontakte.ru','z84JuwJ9QFA'
'Retta And Eric','cmitcheson9h@yolasite.com','xQtZQGJT'
'Petya And Cooper','amatthensen9i@topsy.com','bWNEfX1i'
'Jan','bsoltan9j@princeton.edu','JLwfjeYSRy'
'Maria','abosomworth9k@hibu.com','UOdQvz'
'Gabriel','atop9l@people.com.cn','7N6uT4cPhzQI'
'Shore','bpoolman9m@yellowpages.com','Fn4zZro'
'Tracy','mcorradetti9n@themeforest.net','HcPCMt'
'Mint House','criggs9o@addthis.com','0bCarJ7'
'Stacy','eradolf9p@wsj.com','W8IUHG6'
'Maria','bpentin9q@google.es','Rw0EoowA'
'John','scurtois9r@google.de','CfwqIga6Q'
'Bob & Myleen','arookes9s@twitpic.com','5lb71Tu'
'Ruthie','storrijos9t@uol.com.br','zmFwQ65pCrT'
'William','drabat9u@apple.com','Q8xd13'
'Lisa','nbruckner9v@marketwatch.com','hzBsMto9GpA'
'Preston','dciobutaro9w@jalbum.net','vOwNVffnGPHP'
'James','mturpie9x@engadget.com','jNQOd4f'
'Nina','ewoolfall9y@ocn.ne.jp','KBphlesdtMR'
'Virginia','fbeckitt9z@uol.com.br','Z27MoH4SSEY7'
'Chrissy','nbouskilla0@blogtalkradio.com','vaGtmpv'
'Betty Jean','mlibermorea1@icio.us','cNOF5em'
'Gloria & Sean','wmalamorea2@imgur.com','IiIf3Gtk2kX'
'Kara','sdeningtona3@boston.com','H7CuZ3'
'Rodney','bbloxholma4@digg.com','9fvlNsa25vA'
'Edward','isoughtona5@weibo.com','6o4ZobV'
'Maura','bguyersa6@ftc.gov','7TUlgmlC'
'Haitham','elandsberga7@google.ru','MAvRZNVa'
'Kingsley','mbrechina8@blogs.com','2UX0KyzB'
'Corin','scrasforda9@army.mil','2fhtDSntj0v4'
'Edith','kcolafateaa@eepurl.com','2gVSka'
'Jennifer','lszapiroab@engadget.com','7SrnzVb7f'
'Jacqueline','mroughsedgeac@pbs.org','4F5otFzGk'
'Benjamin & Ilona','bmccurlyead@imdb.com','IMiewe5'
'Michael','hchorleyae@wikimedia.org','eFueNOwnP'
'Clara','scuttsaf@phpbb.com','VT9U5OEkMXn3'
'Marisela','elindstromag@angelfire.com','vyWpC8dJWLRg'
'Nicole','tstickelah@sun.com','Px8cakLh6'
'Lou','iyeardsleyai@a8.net','ZByk97tShw'
'Ernesto','hharradenceaj@go.com','H0LDRMByu'
'Daphinne','abrandleak@netscape.com','D9kXd1'
'Katherine','lgoldneyal@a8.net','0jCWuvmJOa'
'Morgan','nbickeram@wsj.com','zkNnj2wC54XB'
'Bill','qwhaymandan@mozilla.org','odDwaZLFv'
'Mike','asnailhamao@google.cn','xWRxclOtP'
'Tiffany','hibarraap@taobao.com','SPIg8IWI6N'
'Ann','opawlickaq@hc360.com','a2YQ1wlcT'
'Aleta/Shelley','hgrogorar@macromedia.com','NkLPDyG0vBaF'
'Sacha','bkaretas@irs.gov','SZIEX0iiVy'
'Resortigo','abunkleat@intel.com','wOZSiJBdV'
'Kate','dludyeau@reverbnation.com','tRU95j'
'Susan','phardwichav@clickbank.net','4zXCATo6h'
'Matt','ebirraneaw@netlog.com','x5xMYkd8fHt'
'Andrew','rbamburyax@webmd.com','HAvwolxxSQO'
'Lindsay','dreochay@census.gov','8uxjLXeLB'
'Maureen','bgorrissenaz@nymag.com','jYpZI9'
'Brett & Krys','rcattinib0@slideshare.net','Osa9nGvrUgcV'
'Karen','aaylettb1@dion.ne.jp','8QGlCRga2Nx'
'Praveen','cscroytonb2@hibu.com','DyRjGvIZrZ'
'Tracy & Bob','tlilloeb3@lulu.com','EELaXS8ajZ'
'Dashka','lgrimwoodb4@a8.net','4DOc4Qa8NY'
'Mirna','vgellatelyb5@fotki.com','bBYFfZHGCu'
'Elfi','hsangb6@epa.gov','oyAyjwxspSo'
'Alex','shuzzeyb7@globo.com','ml2l33val'
'Tatiana','kespinazob8@seattletimes.com','ZqLBjStf'
'Eric','ctaceb9@earthlink.net','ZwcV8V'
'Neal','ecoyteba@ovh.net','lssdcv3dsM'
'Will','ldungeebb@ft.com','PpnSbjTuzSb'
'Courtney','mspyerbc@stumbleupon.com','WGnO0y5xdg'
'Don Fay & Laura Wile','ciglesiasbd@1688.com','wOc9ssN'
'Jessica','azealanderbe@cdbaby.com','PRO4cf0Pf'
'Claudia & Steve','faldwichbf@amazon.com','LQv3bEcCV'
'Chris','hcalbrathebg@pinterest.com','Vpxog5FZICMF'
'Francisco','chavilebh@bing.com','AFhqNvGGlN'
'Juliana','fbaskeyfieldbi@soup.io','Me9wKtZ3'
'Andre & Valeria','ihainingbj@narod.ru','8GTHEyAi'
'Tina','jpetkensbk@angelfire.com','K9M69aYbkVj'
'Stephanie','skarlssonbl@huffingtonpost.com','I4k14sqe3S'
'David','nottewellbm@nih.gov','YVVKXv8'
'Christine','escrammagebn@google.co.jp','UqUQCesz'
'Robert','msudybo@amazon.com','Oea5WIh1k'
'Ms','ldehoochbp@xing.com','CdzDn4YQV9cg'
'Joe & Joie','ddupreybq@pcworld.com','s6spBL'
'Kent','kgilbankbr@newyorker.com','RjR6I8Or'
'Julie','mgumleybs@irs.gov','INMNeeQ'
'Marianne','ifilipyevbt@wsj.com','7nHG5Ip'
'Matt','rspinnacebu@vk.com','y0RV7ZwM'
'Nancy','anicholsbv@blinklist.com','JF7NdUDgin'
'James','wfishlybw@imgur.com','5vhTyQ'
'Heather','dsigwardbx@tumblr.com','BKFzwN1lO'
'Stacio','khasnipby@feedburner.com','h3D7HLmm4sVB'
'Ellie','djaycocksbz@un.org','2Qj2dzC'
'Lynn','charefootc0@amazonaws.com','X7FtN3L'
'Laura','chornigc1@marketwatch.com','p1pjlltHRbm'
'Andre','jmcminnc2@redcross.org','qGbRTPKkK'
'Zapher','cdymottc3@hibu.com','hoSo7VoeMYT'
'Kevin','pdudhillc4@barnesandnoble.com','U2oqO3ObNYw'
'Paul & Kim','bcyphusc5@bigcartel.com','OhT0xVn'
'Todd R.','eguinnessc6@yahoo.com','lF9yzcnQU4KY'
'Izzy','dhandscombec7@hud.gov','XmIjwf1b3'
'Zack','rbragerc8@bluehost.com','ReBIOFN'
'Maya J','lgaymerc9@jalbum.net','XuzCOJ'
'Dale','kchestnuttca@nydailynews.com','16qRLkO'
'Adam','emccrearycb@list-manage.com','oAI8nyj3e1U'
'Tim & Andrew','msustoncc@360.cn','y4biZsomKEX'
'German','dlidgeycd@youtube.com','BoE366cuxx'
'Mary','tborleasece@seesaa.net','oq7l5pwHg'
'Jamie','emacauleycf@wiley.com','vtsPNUd'
'Helen','rpilgrimcg@accuweather.com','VtE841k1uwuz'
'(Email hidden by Airbnb)','twadesworthch@shutterfly.com','TrxrQH'
'Lorene','pchishullci@harvard.edu','7vtnFHlsOs'
'Anastasia','jbrandoncj@tinyurl.com','GEYCnmA'
'Beatrice','idablinck@springer.com','gdw1u3'
'Vittorio','cramsellcl@trellian.com','IdKNL1c2'
'Atta','kkaaskoopercm@redcross.org','jzgrzg'
'Michael','mlabatiecn@nps.gov','jQ1jrWLVx'
'Phoenix','vpeytoco@princeton.edu','PhpebnX'
'J-Me & Clark','fbushcp@twitpic.com','oLhPHTWg3'
'Nicole','tkreuzercq@tmall.com','Qp92ZCqiTttC'
'Bernard','msteetcr@ftc.gov','Ry3QFh'
'Janna','nkuschelcs@hhs.gov','o3xUsED'
'Joe & Rachel','rberickct@msu.edu','SEwPb1lNh3Mr'
'Nicole','aharkercu@twitter.com','KrlI4bEp34M'
'Patrick','fschrotercv@macromedia.com','Ek2MlR48n0lc'
'Babs','asanzcw@theglobeandmail.com','HG1Kc3pOh4iF'
'Reid','akmicickicx@cisco.com','Ie0fggWhyLl'
'Aleks','agrendoncy@symantec.com','atw3Hd'
'Kathryn','rzolinicz@nature.com','tKEoXu'
'Eli','hmcboyled0@hatena.ne.jp','GpOkV4hyqi'
'Kevin','amettrickd1@feedburner.com','lUsNNcRPO'
'Cora','osalergd2@comcast.net','LdnLy4A2'
'Min (& David)','cdumbltond3@youku.com','6MmQRs0ps'
'Christina','mstanmored4@wsj.com','u2ZhWPUZlp'
'Andrea','dgolsbyd5@wordpress.com','5CUUlYcC'
'Vacasa California','kbogeyd6@blinklist.com','iQLdpdsVP'
'Aurrora','npoulsumd7@nsw.gov.au','KwcmO5rqvt'
'Mark','zsalvaged8@wunderground.com','dgjilNQnR4'
'Ron','kikringilld9@marriott.com','YIQYoDvPc'
'Madir','ctresvinada@wired.com','8GZaNOGd4CR'
'Carlos','csimionatodb@opensource.org','WQu6TKvA1oa'
'Shawna','ematondc@statcounter.com','WCStVZIyxmQ'
'Scott','pskelhornedd@addthis.com','8NZLAUj8'
'Andrew','sphettiplacede@spiegel.de','wFjJv7n'
'Francesca','qvipandf@state.gov','bb4TEGB2rAYe'
'Amanda','rroycroftdg@yale.edu','IoV2rPoRcmCH'
'Edgar','rgaleydh@cam.ac.uk','nT9mncR9'
'Naoki','cseverndi@g.co','5Bzj8tKCy'
'Larry','klabbadj@goo.ne.jp','uFw8fQtH'
'Matthew','dbalogdk@wiley.com','06yJ2Hp5Ui'
'Carla','tronischdl@hugedomains.com','reYzOGILS7SN'
'Daphne','asnarttdm@cbslocal.com','gtlhgPKKc228'
'Gris','nwombwelldn@si.edu','JEORKW'
'Jennifer','cepinaydo@angelfire.com','8O8FnDm2'
'Kathryn','abruntjedp@slideshare.net','bdL41o'
'Ankit','cpeaddiedq@salon.com','PdhUIWtFf'
'Roger','gstrutleydr@cornell.edu','xmwqBgFY'
'Ray','cisseleeds@ask.com','9zUNXhgx6IyV'
'Lata','ltregiendt@intel.com','pPTXaPl'
'Brianne','cattwaterdu@yelp.com','uWo9Ty'
'Burak','cmcmonniesdv@addthis.com','CTRweFhrqiv'
