guest_email,property_id
aschuricht3s@addtoany.com,3093987
skarlssonbl@huffingtonpost.com,21796129
fgrigorini8m@bizjournals.com,887573
mcorradetti9n@themeforest.net,33641185
mdraycottau@berkeley.edu,9791129
lhambrookdm@blogspot.com,26866969
rmundieat@ovh.net,36738450
lebbrell14@odnoklassniki.ru,15360613
bosbiston4t@mlb.com,31236102
udigwooda7@google.com.au,28781790
vmuzzlewhite15@bigcartel.com,19841620
mlamball89@wix.com,19384122
asimpkins2e@vinaora.com,1212604
jworraldt@eepurl.com,33945505
mtireman5n@businesswire.com,1731316
bbengoechea5o@salon.com,3093987
fbehn41@upenn.edu,23726160
wschaben4f@goodreads.com,22986022
dhulstrom8h@t.co,10856619
kdefraine5f@guardian.co.uk,28026097
cbowderyao@ezinearticles.com,4997312
tquerreel@twitpic.com,15100365
rtrundell5x@theatlantic.com,36966935
jharling9d@arstechnica.com,34420106
jlewtey5@blog.com,15972345
tdikelinb6@salon.com,16479864
apedreschi71@unc.edu,29452722
hdecazeb1@miitbeian.gov.cn,7367089
echoldcroftb5@dmoz.org,34649201
bgrabiecd0@biglobe.ne.jp,36525161
rbennet8x@edublogs.org,21597685
swhiten77@gravatar.com,1774025
anoteam@google.com,16134259
tcanham5i@cocolog-nifty.com,36316217
akoppen75@hud.gov,7176629
bolifauntc@harvard.edu,13574215
hgrazier7r@4shared.com,14025901
epadson4x@etsy.com,13234860
epetican8@dagondesign.com,37124796
bgarrals59@google.ru,36109880
sdundendale96@earthlink.net,31410597
awinfindale3r@prnewswire.com,17187394
greolfo5v@flavors.me,12212639
mapps4a@nasa.gov,37802016
rimlach8o@mapy.cz,35514085
aosmon56@wikia.com,14221096
lodonnell4k@unc.edu,36723731
hibarraap@taobao.com,35568059
jmargetts7p@csmonitor.com,29041812
bexton4u@ucoz.com,35937669
dsabater3t@google.co.uk,21643279
atuckley43@tripadvisor.com,25642702
kdavidescudb@joomla.org,19841620
isoughtona5@weibo.com,20574977
bboulds6g@csmonitor.com,28411205
swiggettbd@blog.com,34368627
kabsolemcx@abc.net.au,35091249
pmclevie5c@flickr.com,132966
atuckley43@tripadvisor.com,37093493
hchoppingdi@creativecommons.org,34281984
nnixon2q@mayoclinic.com,1346986
jharling9d@arstechnica.com,35514085
mtireman5n@businesswire.com,756810
wangeau75@themeforest.net,3924737
clorden7u@simplemachines.org,19286780
difflandcq@gravatar.com,22736216
rrosenzveigap@reference.com,25055310
tkluss3b@4shared.com,18008300
esoutherton9q@nhs.uk,8343192
ksestonbq@sogou.com,30248080
cfoulser2i@irs.gov,5164484
tkluss3b@4shared.com,10500793
asurmeyer9s@sciencedirect.com,34600726
nblackborowa8@deliciousdays.com,32962323
aghelarducciac@admin.ch,36876589
ematovic2b@topsy.com,32019861
mschutte93@taobao.com,22305639
rmorstatt50@hhs.gov,22712259
ydurant2w@multiply.com,32087755
jpetkensbk@angelfire.com,17255885
tsevior98@dagondesign.com,21949217
houchterlonyd5@wisc.edu,29006421
tdowzellca@amazon.co.uk,24852743
bpyper7a@zdnet.com,31155887
mcaldow6y@samsung.com,15496368
lbushelda@blinklist.com,8456253
lpoznanskib0@blog.com,33945505
dlokier7c@tmall.com,11145728
ehagstondu@sbwire.com,33944449
rschreursx@etsy.com,26668940
ymarrison90@artisteer.com,31773005
jgwyn9y@discovery.com,13643050
smanssuer1m@usatoday.com,34568326
mhackett2f@vinaora.com,13547144
mingledow6n@moonfruit.com,19273736
dgogay8a@weather.com,23169024
mwestpfelbk@github.com,9272692
clorden7u@simplemachines.org,21093145
bmccutcheon6@i2i.jp,11720963
jcaddies1w@themeforest.net,33501039
esoutherton9q@nhs.uk,22736216
zknutsen9g@vkontakte.ru,10540937
kmethuen59@squarespace.com,29190854
ndenge1k@senate.gov,20520431
lreedickd7@digg.com,19252903
lbushelda@blinklist.com,11889672
bkingsmill81@altervista.org,24225914
npeeterb8@auda.org.au,26776280
twadesworthch@shutterfly.com,31540488
zsalvaged8@wunderground.com,23416635
sjachimak7d@epa.gov,25516269
candrasal@ucsd.edu,33806321
gingles1e@dailymotion.com,21895752
rsnowmanbi@mapy.cz,7054820
kstollery5h@ibm.com,35830975
rspadeck4e@skype.com,13289768
fmelmoth1t@sogou.com,13277052
apren4j@telegraph.co.uk,35682981
jmiltonwhite39@guardian.co.uk,30585407
mtarrier6y@google.it,23667222
kseelbach5g@whitehouse.gov,9272692
rfairs6k@digg.com,28608521
otubble6f@statcounter.com,21622304
equarterman57@ft.com,19530386
rimlach8o@mapy.cz,2088659
ypickavanceai@netvibes.com,13099640
bmeltetalbp@mit.edu,20501555
wcaser5j@reuters.com,13463827
wmagerbt@rediff.com,23698001
efrosch4v@utexas.edu,32382313
bgodman4g@upenn.edu,33474363
acoltherdd3@redcross.org,23698001
hchorleyae@wikimedia.org,25516269
fmelmoth1t@sogou.com,16081579
bsiviterag@thetimes.co.uk,27091191
nletten8i@soundcloud.com,31285538
aaskey9h@gnu.org,631271
nkyrkeman81@senate.gov,31104717
fjane31@marketwatch.com,4930955
nletten8i@soundcloud.com,16178725
bmaxstead8y@cornell.edu,20501555
wdooguecs@pinterest.com,10856619
jgilphillan9c@bluehost.com,19491111
bmccutcheon6@i2i.jp,17530546
hchoppingdi@creativecommons.org,26230624
jcaddies1w@themeforest.net,18670784
sdussy9j@last.fm,23904952
asimpkins2e@vinaora.com,36241356
arawdall7z@ezinearticles.com,19844507
tbetser5q@51.la,17389423
nmilberry73@netscape.com,24034884
vbartak3z@shareasale.com,12212639
hankers6j@java.com,34792786
kabsolemcx@abc.net.au,26689932
cshaxby2s@uiuc.edu,10856619
jneubigin7o@google.es,27553567
ede4n@wordpress.com,26783112
bmacadam1z@people.com.cn,1212604
mfenne26@prweb.com,14881731
sharrill42@google.es,24098712
mferie4@nasa.gov,13463827
jstroyancd@columbia.edu,20861785
lhambrookdm@blogspot.com,21369135
lkemwallt@newsvine.com,25632896
jgwyn9y@discovery.com,5694066
cmirando85@webnode.com,19161366
hbroxisr@ed.gov,19862229
rrosenzveigap@reference.com,19697474
dvanyarkin96@pcworld.com,14881731
shansmanar@xrea.com,14375903
mgoulden2x@mac.com,9854386
spennyman7w@ox.ac.uk,7727710
techalie7@fda.gov,19506108
tshambrookeah@uiuc.edu,5482404
srubin7s@bandcamp.com,29159787
gpapaminas28@amazon.de,36665196
bhancock1a@baidu.com,37559702
tsissens4b@hostgator.com,14692602
shounsom3c@google.pl,8085324
ptatterton95@thetimes.co.uk,36070744
echoldcroftb5@dmoz.org,13714897
fschrotercv@macromedia.com,19304441
cdenacamp61@ycombinator.com,7919749
udigwooda7@google.com.au,28608521
rspadeck4e@skype.com,9011897
gpapaminas28@amazon.de,29454576
erytoncr@mtv.com,37753030
tkluss3b@4shared.com,12091774
ematovic2b@topsy.com,9937613
efeighney2r@dion.ne.jp,11022426
grapi9@exblog.jp,28496129
ifilipyevbt@wsj.com,36723731
rpalffreybc@meetup.com,30696375
emarlingcz@state.tx.us,37751609
arawdall7z@ezinearticles.com,17479403
bmcwilliamsaa@newsvine.com,3904912
dfrye8v@unesco.org,21610217
sfarrant8c@craigslist.org,12245392
estafford9f@so-net.ne.jp,24604463
rpalffreybc@meetup.com,30319949
mheintzs@fastcompany.com,11817811
kholah8y@friendfeed.com,4585708
ccatterson30@360.cn,29444590
ccooksonb7@geocities.jp,501019
mgeeritzcu@techcrunch.com,36557678
dfinkle1@oaic.gov.au,30248080
amatthensen9i@topsy.com,27505989
rbaffin3q@japanpost.jp,16271283
myokelman36@freewebs.com,5934381
ahovy52@washingtonpost.com,25448891
acoenraets87@mediafire.com,14787858
apaal9x@devhub.com,12885653
mshurman91@dedecms.com,19265648
cepinaydo@angelfire.com,33166986
rmaccaigb9@4shared.com,36070831
msustoncc@360.cn,31951974
hmcvicard@zimbio.com,17094267
lshimmings1v@bbb.org,37629606
jpavlov1v@google.nl,12212639
trullerb@va.gov,17573347
cmoynham4k@huffingtonpost.com,17187394
khasnipby@feedburner.com,15360613
wcaser5j@reuters.com,10567796
ivodden2m@squidoo.com,36966354
thagerty5l@ezinearticles.com,34281984
mwormleighton6r@flickr.com,34311967
ffuchs9m@google.ca,33885875
bpentin9q@google.es,31104717
jjagoe12@blogs.com,6317318
tblight79@technorati.com,5346910
ymarrison90@artisteer.com,14351163
skelk2p@google.com.br,13463827
ccrollmanad@yelp.com,30016553
atop9l@people.com.cn,26995658
difflandcq@gravatar.com,6988621
dgatherellcc@gnu.org,21895752
mananab@dot.gov,26868065
atop9l@people.com.cn,13814254
gsimmonettcv@cdbaby.com,5345063
lbrothersdk@tmall.com,34113078
vgellatelyb5@fotki.com,13208164
cclewsbe@myspace.com,23581800
cabramovicidg@washington.edu,10167710
sfarrant8c@craigslist.org,23563473
bausher4p@themeforest.net,28411205
cconeau9z@go.com,19563148
dgalland6a@twitpic.com,29452722
ihainingbj@narod.ru,21697677
blonghirst4t@elpais.com,20818269
mlutman5@howstuffworks.com,13234860
cdedh@un.org,26629675
tscriviner9v@japanpost.jp,34505581
amcpheatd8@biblegateway.com,1441767
emargerrison1p@google.pl,6560936
isottell8c@spiegel.de,10567796
greolfo5v@flavors.me,6372898
aglasper3g@archive.org,16602575
aingletonbb@techcrunch.com,18670784
smackinnon4w@unesco.org,4226983
trullerb@va.gov,5443046
bmumby90@princeton.edu,34311967
kchestnuttca@nydailynews.com,12966423
otucsella2@ucoz.com,33806321
isoughtona5@weibo.com,17530546
rfairs6k@digg.com,20751615
rrosenzveigap@reference.com,21461306
desbydr@drupal.org,1003174
bgrigsdl@oakley.com,34399227
dmclagaindp@squarespace.com,30535972
bpentin9q@google.es,34399480
kedelstonaf@mozilla.org,2214453
tscriviner9v@japanpost.jp,2088659
scod58@posterous.com,34513293
cdedh@un.org,8391655
vever55@ow.ly,37411387
bosbiston4t@mlb.com,460067
tsissens4b@hostgator.com,9577502
bhansard8n@vkontakte.ru,33994450
otucsella2@ucoz.com,6133424
escrammagebn@google.co.jp,14025901
oarckolldv@symantec.com,21252836
nadamek5u@bigcartel.com,33874138
kocannovane1u@thetimes.co.uk,21093145
amacalister1c@ox.ac.uk,31211326
cabramovicidg@washington.edu,23169024
wcherry4l@wikipedia.org,20800162
avalenssmith7q@deliciousdays.com,18377405
blonghirst4t@elpais.com,5443046
apavese2a@bloglines.com,16381233
fsmurfittc5@pinterest.com,27833333
caxcel8t@umich.edu,36083878
bsiviterag@thetimes.co.uk,14074264
cheijne8z@canalblog.com,27509749
skilleleya@live.com,34420106
nkyrkeman81@senate.gov,11145728
nmilberry73@netscape.com,9577502
lebbrell14@odnoklassniki.ru,34815068
mtireman5n@businesswire.com,37624208
gpapaminas28@amazon.de,23581800
lryson85@yahoo.com,9577502
kboydono@nbcnews.com,1717900
kbeefonv@ft.com,21561955
shansmanar@xrea.com,28608521
tblight79@technorati.com,12210444
vdaunter8o@ox.ac.uk,4438968
fjane31@marketwatch.com,20574977
erosenthal1b@bloomberg.com,36602744
bpettid4@prnewswire.com,28401487
bjoinson3a@wordpress.org,23751000
cshaxby2s@uiuc.edu,36316127
ksestonbq@sogou.com,31655452
ksouthers4c@live.com,36966935
tkobera3k@webmd.com,28401487
sspeekcm@bing.com,29007946
fketcher8h@nbcnews.com,16134259
lbushelda@blinklist.com,28411509
bmacadam1z@people.com.cn,36738450
cboddington7g@1und1.de,33784572
tpoundford13@scientificamerican.com,5810312
vhillyatt7x@go.com,10567796
lpoznanskib0@blog.com,23147678
tdikelinb6@salon.com,10707681
wzorzinan@gizmodo.com,20520431
nirnys42@google.cn,756856
mscarglebj@youtu.be,10567796
tscriviner9v@japanpost.jp,32019861
mborrel68@nbcnews.com,34864939
dradmoret@umn.edu,9492483
bde6c@imgur.com,22421133
nferencowicz4r@pinterest.com,1166766
apedreschi71@unc.edu,10165230
alevett65@wufoo.com,11755367
cepinaydo@angelfire.com,7054820
cboddington7g@1und1.de,27607624
tblake3x@amazon.co.jp,36557678
tcanham5i@cocolog-nifty.com,26866969
cheijne8z@canalblog.com,13714897
ndibs@tuttocitta.it,20818269
bkingsmill81@altervista.org,19265648
akoppen75@hud.gov,29007946
lokenfoldf@yellowpages.com,24225914
arawdall7z@ezinearticles.com,21562722
estafford9f@so-net.ne.jp,16479864
tberthome1j@technorati.com,23563473
candrasal@ucsd.edu,887573
bmccutcheon6@i2i.jp,8105259
msalatino3f@sina.com.cn,36966354
alamymanc6@samsung.com,460067
amayell4h@usda.gov,275567
kocannovane1u@thetimes.co.uk,23468707
rfairs6k@digg.com,20311199
kdonoghuea9@ted.com,3006192
emasterdf@paginegialle.it,17657222
cbrussels5k@cargocollective.com,1285158
npeeterb8@auda.org.au,29188091
mwestpfelbk@github.com,30585407
jharling9d@arstechnica.com,36620178
mborrel68@nbcnews.com,37841383
msalatino3f@sina.com.cn,4038881
jresdalea3@sciencedirect.com,12210444
jsiggery44@linkedin.com,35804901
lmillichipbh@nih.gov,21366927
bcottem5e@barnesandnoble.com,28080061
rpalffreybc@meetup.com,1167130
bbengoechea5o@salon.com,8085324
trenish9n@cbslocal.com,16100646
ecossom51@dailymail.co.uk,30016553
rallwood3j@pbs.org,24083550
clensch25@hhs.gov,4585708
lmcgilbon38@xing.com,23581800
rgallico3u@gov.uk,21366927
tripingae@nps.gov,32070456
daubray9a@columbia.edu,34399441
bbengoechea5o@salon.com,36966702
solahy4s@bloomberg.com,32940246
hbroxisr@ed.gov,34128216
rmorstatt50@hhs.gov,9175040
hibarraap@taobao.com,31224093
lokenfoldf@yellowpages.com,36212734
sdussy9j@last.fm,36966702
hdymock1q@behance.net,13475352
emasterdf@paginegialle.it,35619940
mdraycottau@berkeley.edu,28781817
rbennet8x@edublogs.org,33641092
kabsolemcx@abc.net.au,31709666
bdodell2j@wunderground.com,3818701
bpyper7a@zdnet.com,13361237
easkawcp@fema.gov,34311967
scarey5z@microsoft.com,9453470
mingledow6n@moonfruit.com,35568059
bgrigsdl@oakley.com,37769804
rlyfield8l@slideshare.net,19844668
cdenacamp61@ycombinator.com,11889672
jpusey3w@youtu.be,9505511
kdonoghuea9@ted.com,15521846
jfancett6e@illinois.edu,22772100
mtarrier6y@google.it,27553567
gducham64@prlog.org,34600726
dbubearbo@gravatar.com,29654796
tbetser5q@51.la,18377405
blonghirst4t@elpais.com,36758102
lbrothersdk@tmall.com,9272692
atop9l@people.com.cn,28360457
ksestonbq@sogou.com,37127380
gjardein17@ning.com,19406698
jneubigin7o@google.es,7919749
cconeau9z@go.com,5266176
fmelmoth1t@sogou.com,22533145
rpalffreybc@meetup.com,16339107
daubray9a@columbia.edu,13371935
apavese2a@bloglines.com,36801465
equarterman57@ft.com,21369135
nferencowicz4r@pinterest.com,13391602
htroopck@nymag.com,29454576
hbroxisr@ed.gov,16134259
aaskey9h@gnu.org,36110182
amacvaugh3@ask.com,33883587
etenniswoodcg@cyberchimps.com,14692602
daubray9a@columbia.edu,6656139
gducham64@prlog.org,36801465
arao9e@intel.com,5601827
udigwooda7@google.com.au,27091191
fwennam7k@gmpg.org,12871883
tripingae@nps.gov,37184121
kgascoyen7i@printfriendly.com,16178725
glawman7y@alexa.com,756810
otubble6f@statcounter.com,2483060
estockley19@jigsy.com,3543408
lleat9t@cisco.com,34479381
ddoggart2d@psu.edu,13897035
cshaxby2s@uiuc.edu,25236747
jpavlov1v@google.nl,28401487
lbrothersdk@tmall.com,1441767
agarrettson3e@123-reg.co.uk,11145728
rmaccaigb9@4shared.com,27426924
hjoiris1s@canalblog.com,204211
alevett65@wufoo.com,34399163
htroopck@nymag.com,35600332
kgarrard8w@hibu.com,26063259
wmagerbt@rediff.com,25490841
vshortt82@loc.gov,204211
jresdalea3@sciencedirect.com,30040010
ttapin9r@devhub.com,12210444
htowne8k@myspace.com,21597685
eskivington9u@toplist.cz,36732188
rschreursx@etsy.com,2996178
fketcher8h@nbcnews.com,2996178
eyanyushkin8d@reverbnation.com,25352482
fsmurfittc5@pinterest.com,19947535
lmarklin5x@reddit.com,15419733
abiford7b@wikimedia.org,36976738
mfenne26@prweb.com,34399227
estbv@chron.com,36316217
pvamplewp@xrea.com,17717908
fshills7m@scientificamerican.com,23698001
tberthome1j@technorati.com,36490051
brohlfing2k@e-recht24.de,31987433
trullerb@va.gov,211583
srubin7s@bandcamp.com,35638874
bgrabiecd0@biglobe.ne.jp,3569322
difflandcq@gravatar.com,14233754
erytoncr@mtv.com,27028025
gwhitecross2z@amazon.com,24804922
rlowden1n@businessweek.com,28091897
vmattiuzzict@gnu.org,19286780
cfriday6t@wix.com,36977953
gmongenot6l@dyndns.org,19491111
asimpkins2e@vinaora.com,29757017
bdodell2j@wunderground.com,4613374
agarrettson3e@123-reg.co.uk,3905050
tshilstone8n@webeden.co.uk,23093959
aovington6v@time.com,1827249
epetric84@foxnews.com,6613958
cshaxby2s@uiuc.edu,23581800
mschutte93@taobao.com,34367294
ttapin9r@devhub.com,16081579
grapi9@exblog.jp,6988621
erytoncr@mtv.com,8193234
ckerrey92@mysql.com,7903738
ehagstondu@sbwire.com,12420381
sjachimak7d@epa.gov,25236747
jellaman3p@plala.or.jp,13814254
fbehn41@upenn.edu,34178307
msalatino3f@sina.com.cn,34399332
mcaldow6y@samsung.com,33407720
alamymanc6@samsung.com,28129045
gharper54@w3.org,34397214
ttapin9r@devhub.com,26223973
hwadley6w@nhs.uk,15419733
dlunnon29@hostgator.com,15953293
mlandera5@youtube.com,34542127
amannix78@w3.org,5428840
dcracknall9l@wiley.com,32070456
ileariebr@furl.net,20286862
pbrazeltonaw@reuters.com,1346986
bborrell7f@ucsd.edu,18043502
lmillichipbh@nih.gov,15419733
vdaunter8o@ox.ac.uk,19491111
btuley8g@cmu.edu,887573
bkingsmill81@altervista.org,4783671
